/* tabela VISITANTE*/ 

INSERT VISITANTE(CPF, RG, nome,genero,email,data_nasc,pais_orig,esta_prov,cidade) 
VALUES('11914755308', '1191475',	'Melvin',	'M',	'MelvinSConway@einrot.com',	"5-12-2003",	DEFAULT,	"Santa Catarina",	"Florianópolis"
);

INSERT VISITANTE(CPF, RG, nome,genero,email,data_nasc,pais_orig,esta_prov,cidade) 
VALUES('64482378798', '6448237',	'Marjorie',    'F',	'MarjorieMSoriano@armyspy.com',	"12-10-1947",	DEFAULT,	DEFAULT,	"São Roque");

INSERT VISITANTE(CPF, RG, nome,genero,email,data_nasc,pais_orig,esta_prov,cidade) 
VALUES('23156909432', '2315690',	'Eric',	'M',	'EricOAllison@rhyta.com',	"8-2-1951",	DEFAULT,	DEFAULT,	"Belford Roxo");

INSERT VISITANTE(CPF, RG, nome,genero,email,data_nasc,pais_orig,esta_prov,cidade) 
VALUES('24344841158', '2434484',	'Esther',	'F',	'EstherEBowser@gustr.com',	"1-6-1980",	DEFAULT,	"Alagoas",	"Maceió");

INSERT VISITANTE(CPF, RG, nome,genero,email,data_nasc,pais_orig,esta_prov,cidade) 
VALUES('76426078735', '7642607',	'Andrew',	'M',	'AndrewKBliss@dayrep.com',	"4-6-1943",	DEFAULT,	'Tocantins',	"Gurupi");

INSERT VISITANTE(CPF, RG, nome,genero,email,data_nasc,pais_orig,esta_prov,cidade) 
VALUES('97723581319', '9772358',	'Sherry',	'F',	'SherryTStanton@dayrep.com',	"10-6-1970",	DEFAULT,	"Goiás",	"Formosa");

INSERT VISITANTE(CPF, RG, nome,genero,email,data_nasc,pais_orig,esta_prov,cidade) 
VALUES('52107813647', '5210781',	'Sonia',	'F',	'SoniaDAguirre@teleworm.us',	"6-9-1942",	DEFAULT,	"Paraná",	"Curitiba");

INSERT VISITANTE(CPF, RG, nome,genero,email,data_nasc,pais_orig,esta_prov,cidade) 
VALUES('67781375505', '6778137',	'Duane',	'M',	'DuaneELigon@jourrapide.com',	"11-10-1977",	DEFAULT,	"Pernambuco",	"Recife");

INSERT VISITANTE(CPF, RG, nome,genero,email,data_nasc,pais_orig,esta_prov,cidade) 
VALUES('23940071501', '2394007',	'Anthony',	'M',	'AnthonyJParson@dayrep.com',	"10-9-1968",	DEFAULT,	DEFAULT,	"São Bernardo do Campo");

INSERT VISITANTE(CPF, RG, nome,genero,email,data_nasc,pais_orig,esta_prov,cidade) 
VALUES('63612908405', '6361290',	'Kevin',	'M',	'KevinAWilliams@einrot.com',	"1-7-1961",	DEFAULT,	"Santa Catarina",	"São José");

INSERT VISITANTE(CPF, RG, nome,genero,email,data_nasc,pais_orig,esta_prov,cidade) 
VALUES('54052700597', '5405270',	'Sandra',	'F',	'SandraBLyon@fleckens.hu',	"4-2-1956",	DEFAULT,	"Mato Grosso",	"Cuiabá");

INSERT VISITANTE(CPF, RG, nome,genero,email,data_nasc,pais_orig,esta_prov,cidade) 
VALUES('71106412443', '7110641',	'Carolyn',	'F',	'CarolynCOliver@dayrep.com',	"8-3-2001",	DEFAULT,	"Mato Grosso",	"Cuiabá");

INSERT VISITANTE(CPF, RG, nome,genero,email,data_nasc,pais_orig,esta_prov,cidade) 
VALUES('11581721927', '1158172',	'Susan',	'F',	'SusanKCrawford@dayrep.com',	"6-12-1993",	DEFAULT,	DEFAULT,	DEFAULT);

INSERT VISITANTE(CPF, RG, nome,genero,email,data_nasc,pais_orig,esta_prov,cidade) 
VALUES('41497522498', '4149752',	'Billy',	'M',	'BillyLColby@teleworm.us',	"7-7-1980",	DEFAULT,	DEFAULT,	DEFAULT);

INSERT VISITANTE(CPF, RG, nome,genero,email,data_nasc,pais_orig,esta_prov,cidade) 
VALUES('44028157706', '4402815',	'Keith',	'M',	'KeithRGaylor@jourrapide.com',	"11-12-1948",	DEFAULT,	"Espírito Santo",	"Serra");

INSERT VISITANTE(CPF, RG, nome,genero,email,data_nasc,pais_orig,esta_prov,cidade) 
VALUES('55537846543', '5553784',	'Mary',	'F',	'MarySTrawick@teleworm.us',	"1-12-1955",	DEFAULT,	DEFAULT,	DEFAULT);

INSERT VISITANTE(CPF, RG, nome,genero,email,data_nasc,pais_orig,esta_prov,cidade) 
VALUES('83668066850', '8366806',	'Joseph',	'M',	'JosephJSlay@gustr.com',	"7-12-1937",	DEFAULT,	DEFAULT,	"Itapevi");


INSERT VISITANTE(CPF, RG, nome,genero,email,data_nasc,pais_orig,esta_prov,cidade) 

VALUES('99288674101', '9928867',	'Michael',	'M',	'MichaelAWoolsey@rhyta.com',	"11-7-1986",	DEFAULT,	DEFAULT,	"Votorantim");

INSERT VISITANTE(CPF, RG, nome,genero,email,data_nasc,pais_orig,esta_prov,cidade) 
VALUES('98503973901', '9850397',	'Terry',	'M',	'TerryMSaine@teleworm.us',	"1-24-1942",	DEFAULT,	DEFAULT,	"Belo Horizonte");

INSERT VISITANTE(CPF, RG, nome,genero,email,data_nasc,pais_orig,esta_prov,cidade) 
VALUES('64603661010', '6460366',	'Brittany',	'F',	'BrittanyMNazario@superrito.com',	"1-16-1999",	DEFAULT,	DEFAULT,	"Três Rios");

INSERT VISITANTE(CPF, RG, nome,genero,email,data_nasc,pais_orig,esta_prov,cidade) 
VALUES('67926064726', '6792606',	'Ivory',	'M',	'IvorySDecker@teleworm.us',	"12-31-1949",	DEFAULT,	DEFAULT,	DEFAULT);

INSERT VISITANTE(CPF, RG, nome,genero,email,data_nasc,pais_orig,esta_prov,cidade) 
VALUES('95385258415', '9538525',	'Douglas',	'M',	'DouglasJMathis@superrito.com',	"9-21-1953",	DEFAULT,	DEFAULT,	"Assis");

INSERT VISITANTE(CPF, RG, nome,genero,email,data_nasc,pais_orig,esta_prov,cidade) 
VALUES('48949340860', '4894934',	'Mary',	'F',	'MaryLBarrick@jourrapide.com',	"7-17-1937",	DEFAULT,	"Distrito Federal",	"Núcleo Bandeirante");

INSERT VISITANTE(CPF, RG, nome,genero,email,data_nasc,pais_orig,esta_prov,cidade) 
VALUES('96837117408', '9683711',	'Jeanne',	'F',	'JeanneCWebster@armyspy.com',	"10-8-1982",	DEFAULT,	DEFAULT,	"Osasco");

INSERT VISITANTE(CPF, RG, nome,genero,email,data_nasc,pais_orig,esta_prov,cidade) 
VALUES('49879959485', '4987995',	'Selena',	'F',	'SelenaWWilder@einrot.com',	"1-11-1969",	DEFAULT,	"Distrito Federal",	"Brasília");

INSERT VISITANTE(CPF, RG, nome,genero,email,data_nasc,pais_orig,esta_prov,cidade) 
VALUES('93417036542', '9341703',	'Thomas',	'M',	'ThomasJLoftis@gustr.com',	"1-26-1975",	DEFAULT,	DEFAULT,	"Passos");

INSERT VISITANTE(CPF, RG, nome,genero,email,data_nasc,pais_orig,esta_prov,cidade) 
VALUES('34228058507', '3422805',	'Gayle',	'F',	'GayleJRunge@gustr.com',	"4-26-1997",	DEFAULT,	DEFAULT,	Default);

INSERT VISITANTE(CPF, RG, nome,genero,email,data_nasc,pais_orig,esta_prov,cidade) 
VALUES('47994960006', '4799496',	'William',	'M',	'WilliamMSnyder@einrot.com',	"12-10-2003",	DEFAULT,	DEFAULT,	"Teófilo Otoni");

INSERT VISITANTE(CPF, RG, nome,genero,email,data_nasc,pais_orig,esta_prov,cidade) 
VALUES('29934345781', '2993434',	'Daniel',	'M',	'DanielTDonnelly@superrito.com',	"12-6-1970",	DEFAULT,	DEFAULT,	"Piracicaba");

INSERT VISITANTE(CPF, RG, nome,genero,email,data_nasc,pais_orig,esta_prov,cidade) 
VALUES('38661444829', '3866144',	'Jack',	'M',	'JackJCobbs@superrito.com',	"7-7-1967",	DEFAULT,	"Sergipe", "Aracaju");

INSERT VISITANTE(CPF, RG, nome,genero,email,data_nasc,pais_orig,esta_prov,cidade) 
VALUES('58623066251', '5862306',	'Cindy',	'F',	'CindyGBaker@rhyta.com',	"8-23-1958",	DEFAULT,	DEFAULT,	DEFAULT);

INSERT VISITANTE(CPF, RG, nome,genero,email,data_nasc,pais_orig,esta_prov,cidade) 
VALUES('60590923145', '6059092',	'Matthew',	'M',	'MatthewSAbraham@gustr.com',	"4-6-1982",	DEFAULT,	DEFAULT,	"Belford Roxo");

INSERT VISITANTE(CPF, RG, nome,genero,email,data_nasc,pais_orig,esta_prov,cidade) 
VALUES('71945058609', '7194505',	'Patricia',	'F',	'PatriciaJHolder@teleworm.us',	"11-16-1983",	DEFAULT,	"Distrito Federal",	"Brazlândia");

INSERT VISITANTE(CPF, RG, nome,genero,email,data_nasc,pais_orig,esta_prov,cidade) 
VALUES('51218481706', '5121848',	'Jean',	'F',	'JeanLReynolds@superrito.com',	"5-10-1957",	DEFAULT,	DEFAULT,	DEFAULT);

INSERT VISITANTE(CPF, RG, nome,genero,email,data_nasc,pais_orig,esta_prov,cidade) 
VALUES('50914287630', '5091428',	'Mary',	'F',	'MaryRCook@rhyta.com',	"12-17-1961",	DEFAULT,	"Distrito Federal",	"Taguatinga");

INSERT VISITANTE(CPF, RG, nome,genero,email,data_nasc,pais_orig,esta_prov,cidade) 
VALUES('72313085708', '7231308',	'Robert',	'M',	'RobertEStoll@einrot.com',	"6-19-1937",	DEFAULT,	DEFAULT,	DEFAULT);

INSERT VISITANTE(CPF, RG, nome,genero,email,data_nasc,pais_orig,esta_prov,cidade) 
VALUES('37353265523', '3735326',	'Robert',	'M',	'RobertNHare@rhyta.com',	"3-9-1952",	DEFAULT,	DEFAULT,	"Campinas");

INSERT VISITANTE(CPF, RG, nome,genero,email,data_nasc,pais_orig,esta_prov,cidade) 
VALUES('57095314802', '5709531',	'Rodrigo',	'M',	'RodrigoJBrown@cuvox.de',	"6-7-1987",	DEFAULT,	DEFAULT,	"Piracicaba");

INSERT VISITANTE(CPF, RG, nome,genero,email,data_nasc,pais_orig,esta_prov,cidade) 
VALUES('31295917025', '3129591',	'Gary',	'M',	'GaryMHill@cuvox.de',	"1-23-2001",	DEFAULT,	DEFAULT,	"Ourinhos");

INSERT VISITANTE(CPF, RG, nome,genero,email,data_nasc,pais_orig,esta_prov,cidade) 
VALUES('13725158282', '1372515',	'Dolores',	'F',	'DoloresAAllen@einrot.com',	"3-12-1982",	DEFAULT,	"Distrito Federal",	"Riacho Fundo");

INSERT VISITANTE(CPF, RG, nome,genero,email,data_nasc,pais_orig,esta_prov,cidade) 
VALUES('87940104047', '8794010',	'Mary',	'F',	'MaryJKeck@armyspy.com',	"11-12-1980",	DEFAULT,	DEFAULT,	"Ribeirão" );

INSERT VISITANTE(CPF, RG, nome,genero,email,data_nasc,pais_orig,esta_prov,cidade) 
VALUES('67584336841', '6758433',	'Clyde',	'M',	'ClydeKLittle@jourrapide.com',	"11-10-1977",	DEFAULT,	"Santa Catarina",	"Florianópolis");

INSERT VISITANTE(CPF, RG, nome,genero,email,data_nasc,pais_orig,esta_prov,cidade) 
VALUES('43335280032', '4333528',	'Brian',	'M',	'BrianCRivera@jourrapide.com',	"11-12-1979",	DEFAULT,	"Rio Grande do Sul"	,"Passo Fundo");

INSERT VISITANTE(CPF, RG, nome,genero,email,data_nasc,pais_orig,esta_prov,cidade) 
VALUES('96981046407', '9698104',	'Christina',	'F',	'ChristinaMJohnson@armyspy.com',	"3-15-1947",	DEFAULT,	DEFAULT,	DEFAULT);

INSERT VISITANTE(CPF, RG, nome,genero,email,data_nasc,pais_orig,esta_prov,cidade) 
VALUES('90320237729', '9032023',	'Rene',	'M',	'ReneLSullivan@dayrep.com',	"9-7-1984",	DEFAULT,	DEFAULT,	"Ponte Nova");

INSERT VISITANTE(CPF, RG, nome,genero,email,data_nasc,pais_orig,esta_prov,cidade) 
VALUES('94684010228', '9468401',	'Darlene',	'F',	'DarleneBMcMullen@fleckens.hu',	"3-24-1970",	DEFAULT,	"Pará",	"Redenção");

INSERT VISITANTE(CPF, RG, nome,genero,email,data_nasc,pais_orig,esta_prov,cidade) 
VALUES('35860652569', '3586065',	'Rosemary',	'F',	'RosemaryCTaylor@fleckens.hu',	"3-7-1976",	DEFAULT,	"Ceará",	"Fortaleza");

INSERT VISITANTE(CPF, RG, nome,genero,email,data_nasc,pais_orig,esta_prov,cidade) 
VALUES('53852974534', '5385297',	'Rossie',	'F',	'RossieRAnaya@dayrep.com',	"3-21-1953",	DEFAULT,	"Pernambuco",	"Jaboatão" );

INSERT VISITANTE(CPF, RG, nome,genero,email,data_nasc,pais_orig,esta_prov,cidade) 
VALUES('83943706168', '8394370',	'Gina',	'F',	'GinaRPratt@rhyta.com',	"4-12-1961",	DEFAULT,	"Pernambuco",	"Petrolina");

INSERT VISITANTE(CPF, RG, nome,genero,email,data_nasc,pais_orig,esta_prov,cidade) 
VALUES('14375303549', '1437530',	'Flora',	'F',	'FloraRGriffin@fleckens.hu',	"1-10-1952",	DEFAULT,	DEFAULT,	DEFAULT);

INSERT VISITANTE(CPF, RG, nome,genero,email,data_nasc,pais_orig,esta_prov,cidade) 
VALUES('86063755861', '8606375',	'Janet',	'F',	'JanetPOkeefe@teleworm.us',	"12-3-1955",	DEFAULT,	"Ceará",	"Fortaleza");

INSERT VISITANTE(CPF, RG, nome,genero,email,data_nasc,pais_orig,esta_prov,cidade) 
VALUES('63782435818', '6378243',	'Virgil',	'M',	'VirgilJWilson@jourrapide.com',	"4-7-1946",	DEFAULT,	DEFAULT,	"Santo André");

INSERT VISITANTE(CPF, RG, nome,genero,email,data_nasc,pais_orig,esta_prov,cidade) 
VALUES('60159197287', '6015919',	'Betty',	'F',	'BettyJWilkinson@einrot.com',	"6-5-1955",	DEFAULT,	DEFAULT, Default);

INSERT VISITANTE(CPF, RG, nome,genero,email,data_nasc,pais_orig,esta_prov,cidade) 
VALUES('79889368919', '7988936',	'Scott',	'M',	'ScottBAnderson@jourrapide.com',	"9-5-1980",	DEFAULT,	"Rio Grande do Sul", "Porto Feliz"	);

INSERT VISITANTE(CPF, RG, nome,genero,email,data_nasc,pais_orig,esta_prov,cidade) 
VALUES('73648130048', '7364813',	'Paul',	'M',	'PaulLMarshall@rhyta.com',	"8-11-1970",	DEFAULT,	"Ceará",	"Sobral");

INSERT VISITANTE(CPF, RG, nome,genero,email,data_nasc,pais_orig,esta_prov,cidade) 
VALUES('51833500350', '5183350',	'Cynthia',	'F',	'CynthiaCMiller@jourrapide.com',	"8-5-1968",	DEFAULT,	DEFAULT,	"Uberlândia");

INSERT VISITANTE(CPF, RG, nome,genero,email,data_nasc,pais_orig,esta_prov,cidade) 
VALUES('53220781187', '5322078',	'Troy',	'M',	'TroyCMertz@fleckens.hu',	"3-8-1944",	DEFAULT,	DEFAULT,	"Contagem");

INSERT VISITANTE(CPF, RG, nome,genero,email,data_nasc,pais_orig,esta_prov,cidade) 
VALUES('33530650757', '3353065',	'Albert',	'M',	'AlbertMFearon@teleworm.us',	"7-31-1967",	DEFAULT,	DEFAULT,	"Campinas");

INSERT VISITANTE(CPF, RG, nome,genero,email,data_nasc,pais_orig,esta_prov,cidade) 
VALUES('84251814100', '8425181',	'Timothy',	'M',	'TimothyDEbbert@cuvox.de',	"9-26-1974",	DEFAULT,	DEFAULT, 'João Pessoa');

INSERT VISITANTE(CPF, RG, nome,genero,email,data_nasc,pais_orig,esta_prov,cidade) 
VALUES('47867205268', '4786720',	'Elaine',	'F',	'ElaineFAustria@superrito.com',	"5-17-2000",	DEFAULT,	"Rio Grande do Sul"	,"Esteio");

INSERT VISITANTE(CPF, RG, nome,genero,email,data_nasc,pais_orig,esta_prov,cidade) 
VALUES('93298973122', '9329897',	'Susan',	'F',	'SusanDMorgan@einrot.com',	"1-22-1978",	DEFAULT,	"Distrito Federal",	"Brasília");

INSERT VISITANTE(CPF, RG, nome,genero,email,data_nasc,pais_orig,esta_prov,cidade) 
VALUES('80247071102', '8024707',	'Jeff',	'M',	'JeffKBoivin@gustr.com',	"5-12-1969",	DEFAULT,	DEFAULT,	"Belo Horizonte");

INSERT VISITANTE(CPF, RG, nome,genero,email,data_nasc,pais_orig,esta_prov,cidade) 
VALUES('26618488354', '2661848',	'Simon',	'M',	'SimonNSullivan@cuvox.de',	"10-19-1971",	DEFAULT,	DEFAULT,	DEFAULT);

INSERT VISITANTE(CPF, RG, nome,genero,email,data_nasc,pais_orig,esta_prov,cidade) 
VALUES('40113187106', '4011318',	'Ella',	'F',	'EllaJBailey@superrito.com',	"10-12-1967",	DEFAULT,	"Pará",	"Belém");

INSERT VISITANTE(CPF, RG, nome,genero,email,data_nasc,pais_orig,esta_prov,cidade) 
VALUES('16950339496', '1695033',	'Cheryl',	'F',	'CherylRBurton@jourrapide.com',	"8-24-1977",	DEFAULT,	"Pará",	"Belém");

INSERT VISITANTE(CPF, RG, nome,genero,email,data_nasc,pais_orig,esta_prov,cidade) 
VALUES('12683202261', '1268320',	'Fred',	'M',	'FredLHall@dayrep.com',	"3-2-1998",	DEFAULT,	DEFAULT, Default);

INSERT VISITANTE(CPF, RG, nome,genero,email,data_nasc,pais_orig,esta_prov,cidade) 
VALUES('10181769930', '1018176',	'Bernadette',	'F',	'BernadetteTPittman@dayrep.com',	"2-10-1991",	DEFAULT,	"Bahia","Feira");

INSERT VISITANTE(CPF, RG, nome,genero,email,data_nasc,pais_orig,esta_prov,cidade) 
VALUES('94567438450', '9456743',	'Robert',	'M',	'RobertKAskew@rhyta.com',	"7-2-1998",	DEFAULT,	"Pernambuco",	"Recife");

INSERT VISITANTE(CPF, RG, nome,genero,email,data_nasc,pais_orig,esta_prov,cidade) 
VALUES('97084191097', '9708419',	'Byron',	'M',	'ByronSRunyon@gustr.com',	"7-6-1966",	DEFAULT,	"Distrito Federal",	"Gama");

INSERT VISITANTE(CPF, RG, nome,genero,email,data_nasc,pais_orig,esta_prov,cidade) 
VALUES('63979484807', '6397948',	'Andrew',	'M',	'AndrewLCharboneau@armyspy.com',	"8-12-1998",	DEFAULT,	DEFAULT,	DEFAULT);

INSERT VISITANTE(CPF, RG, nome,genero,email,data_nasc,pais_orig,esta_prov,cidade) 
VALUES('13921434386', '1392143',	'Cynthia',	'F',	'CynthiaRFlores@gustr.com',	"12-10-1960",	DEFAULT,	"Goiás", "Santana"	);

INSERT VISITANTE(CPF, RG, nome,genero,email,data_nasc,pais_orig,esta_prov,cidade) 
VALUES('68285106403', '6828510',	'Mark',	'M',	'MarkBMunn@rhyta.com',	"7-4-1960",	DEFAULT,	"Rio Grande do Sul", "Porto Alegre"	);

INSERT VISITANTE(CPF, RG, nome,genero,email,data_nasc,pais_orig,esta_prov,cidade) 
VALUES('40351060979', '4035106',	'John',	'M',	'JohnPValentine@armyspy.com',	"4-21-1951",	DEFAULT,	"Pernambuco",	"Paulista");

INSERT VISITANTE(CPF, RG, nome,genero,email,data_nasc,pais_orig,esta_prov,cidade) 
VALUES('39496798551', '3949679',	'Curtis',	'M',	'CurtisMWebb@teleworm.us',	"5-10-1960",	DEFAULT,	DEFAULT,	"Ribeirão Preto");

INSERT VISITANTE(CPF, RG, nome,genero,email,data_nasc,pais_orig,esta_prov,cidade) 
VALUES('57423634948', '5742363',	'Harry',	'M',	'HarryCLawson@superrito.com',	"4-9-1945",	DEFAULT,	DEFAULT,	"Mauá");

INSERT VISITANTE(CPF, RG, nome,genero,email,data_nasc,pais_orig,esta_prov,cidade) 
VALUES('10670004294', '1067000',	'Jane',	'F',	'JaneKHogan@superrito.com',	"7-7-1970",	DEFAULT,	"Goiás","Goiás");

INSERT VISITANTE(CPF, RG, nome,genero,email,data_nasc,pais_orig,esta_prov,cidade) 
VALUES('76596456412', '7659645',	'Christopher',	'M',	'ChristopherRMcClary@gustr.com',	"9-12-1980",	DEFAULT,	DEFAULT,	DEFAULT);
/* TELEFONE_VISITANTE */

INSERT TELEFONE_VISITANTE (cpf, numero) 
VALUES ('11914755308','11914755308');

INSERT TELEFONE_VISITANTE (cpf, numero)
VALUES ('64482378798','64482378798');

INSERT TELEFONE_VISITANTE (cpf, numero)
VALUES ('23156909432','23156909432'); 

INSERT TELEFONE_VISITANTE (cpf, numero)
VALUES ('24344841158','24344841158'); 

INSERT TELEFONE_VISITANTE (cpf, numero)
VALUES ('76426078735','76426078735'); 

INSERT TELEFONE_VISITANTE (cpf, numero)
VALUES ('97723581319','97723581319'); 

INSERT TELEFONE_VISITANTE (cpf, numero)
VALUES ('52107813647','52107813647'); 

INSERT TELEFONE_VISITANTE (cpf, numero)
VALUES ('67781375505','67781375505'); 

INSERT TELEFONE_VISITANTE (cpf, numero)
VALUES ('23940071501','23940071501'); 

INSERT TELEFONE_VISITANTE (cpf, numero)
VALUES ('63612908405','63612908405'); 

INSERT TELEFONE_VISITANTE (cpf, numero)
VALUES ('54052700597','54052700597'); 

INSERT TELEFONE_VISITANTE (cpf, numero)
VALUES ('71106412443','71106412443'); 

INSERT TELEFONE_VISITANTE (cpf, numero)
VALUES ('11581721927','11581721927'); 

INSERT TELEFONE_VISITANTE (cpf, numero)
VALUES ('41497522498','41497522498'); 

INSERT TELEFONE_VISITANTE (cpf, numero)
VALUES ('44028157706','44028157706'); 

INSERT TELEFONE_VISITANTE (cpf, numero)
VALUES ('55537846543','55537846543'); 

INSERT TELEFONE_VISITANTE (cpf, numero)
VALUES ('83668066850','83668066850'); 

INSERT TELEFONE_VISITANTE (cpf, numero)
VALUES ('83668066850','99288674101'); 

INSERT TELEFONE_VISITANTE (cpf, numero)
VALUES ('98503973901','98503973901'); 

INSERT TELEFONE_VISITANTE (cpf, numero)
VALUES ('64603661010','64603661010'); 

INSERT TELEFONE_VISITANTE (cpf, numero)
VALUES ('67926064726','67926064726'); 

INSERT TELEFONE_VISITANTE (cpf, numero)
VALUES ('95385258415','95385258415'); 

INSERT TELEFONE_VISITANTE (cpf, numero)
VALUES ('48949340860','48949340860' );

INSERT TELEFONE_VISITANTE (cpf, numero)
VALUES ('96837117408','96837117408'); 

INSERT TELEFONE_VISITANTE (cpf, numero)
VALUES ('49879959485','49879959485');

INSERT TELEFONE_VISITANTE (cpf, numero)
VALUES ('93417036542','93417036542'); 

INSERT TELEFONE_VISITANTE (cpf, numero)
VALUES ('34228058507','34228058507'); 

INSERT TELEFONE_VISITANTE (cpf, numero)
VALUES ('47994960006','47994960006');

INSERT TELEFONE_VISITANTE (cpf, numero)
VALUES ('29934345781','29934345781'); 

INSERT TELEFONE_VISITANTE (cpf, numero)
VALUES ('38661444829','38661444829');

INSERT TELEFONE_VISITANTE (cpf, numero)
VALUES ('58623066251','58623066251' );

INSERT TELEFONE_VISITANTE (cpf, numero)
VALUES ('60590923145','60590923145' );

INSERT TELEFONE_VISITANTE (cpf, numero)
VALUES ('71945058609','51218481706');

INSERT TELEFONE_VISITANTE (cpf, numero)
VALUES ('51218481706','71945058609'); 

INSERT TELEFONE_VISITANTE (cpf, numero)
VALUES ('50914287630','50914287630' );

INSERT TELEFONE_VISITANTE (cpf, numero)
VALUES ('72313085708','72313085708' );

INSERT TELEFONE_VISITANTE (cpf, numero)
VALUES ('37353265523','37353265523' );

INSERT TELEFONE_VISITANTE (cpf, numero)
VALUES ('57095314802','57095314802' );

INSERT TELEFONE_VISITANTE (cpf, numero)
VALUES ('31295917025','31295917025'); 

INSERT TELEFONE_VISITANTE (cpf, numero)
VALUES ('13725158282','13725158282'); 

INSERT TELEFONE_VISITANTE (cpf, numero)
VALUES ('87940104047','87940104047');

INSERT TELEFONE_VISITANTE (cpf, numero)
VALUES ('67584336841','67584336841');

INSERT TELEFONE_VISITANTE (cpf, numero)
VALUES ('43335280032','43335280032'); 

INSERT TELEFONE_VISITANTE (cpf, numero)
VALUES ('96981046407','96981046407'); 

INSERT TELEFONE_VISITANTE (cpf, numero)
VALUES ('90320237729','90320237729'); 

INSERT TELEFONE_VISITANTE (cpf, numero)
VALUES ('94684010228','94684010228'); 

INSERT TELEFONE_VISITANTE (cpf, numero)
VALUES ('35860652569','35860652569'); 

INSERT TELEFONE_VISITANTE (cpf, numero)
VALUES ('53852974534','53852974534'); 

INSERT TELEFONE_VISITANTE (cpf, numero)
VALUES ('83943706168','83943706168'); 

INSERT TELEFONE_VISITANTE (cpf, numero)
VALUES ('14375303549','14375303549'); 

INSERT TELEFONE_VISITANTE (cpf, numero)
VALUES ('86063755861','86063755861' );

INSERT TELEFONE_VISITANTE (cpf, numero)
VALUES ('63782435818','63782435818'); 

INSERT TELEFONE_VISITANTE (cpf, numero)
VALUES ('60159197287','60159197287' );

INSERT TELEFONE_VISITANTE (cpf, numero)
VALUES ('79889368919','79889368919'); 

INSERT TELEFONE_VISITANTE (cpf, numero)
VALUES ('73648130048','73648130048'); 

INSERT TELEFONE_VISITANTE (cpf, numero)
VALUES ('51833500350','51833500350'); 

INSERT TELEFONE_VISITANTE (cpf, numero)
VALUES ('53220781187','53220781187'); 

INSERT TELEFONE_VISITANTE (cpf, numero)
VALUES ('33530650757','33530650757'); 

INSERT TELEFONE_VISITANTE (cpf, numero)
VALUES ('84251814100','84251814100'); 

INSERT TELEFONE_VISITANTE (cpf, numero)
VALUES ('47867205268','47867205268');

INSERT TELEFONE_VISITANTE (cpf, numero)
VALUES ('93298973122','93298973122'); 

INSERT TELEFONE_VISITANTE (cpf, numero)
VALUES ('80247071102','80247071102'); 

INSERT TELEFONE_VISITANTE (cpf, numero)
VALUES ('26618488354','26618488354'); 

INSERT TELEFONE_VISITANTE (cpf, numero)
VALUES ('40113187106','40113187106'); 

INSERT TELEFONE_VISITANTE (cpf, numero)
VALUES ('16950339496','16950339496' );

INSERT TELEFONE_VISITANTE (cpf, numero)
VALUES ('12683202261','12683202261' );

INSERT TELEFONE_VISITANTE (cpf, numero)
VALUES ('10181769930','10181769930'); 

INSERT TELEFONE_VISITANTE (cpf, numero)
VALUES ('94567438450','94567438450'); 

INSERT TELEFONE_VISITANTE (cpf, numero)
VALUES ('97084191097','97084191097'); 

INSERT TELEFONE_VISITANTE (cpf, numero)
VALUES ('63979484807','63979484807' );

INSERT TELEFONE_VISITANTE (cpf, numero)
VALUES ('13921434386','13921434386'); 

INSERT TELEFONE_VISITANTE (cpf, numero)
VALUES ('68285106403','68285106403' );

INSERT TELEFONE_VISITANTE (cpf, numero)
VALUES ('40351060979','40351060979'); 

INSERT TELEFONE_VISITANTE (cpf, numero)
VALUES ('39496798551','39496798551'); 

INSERT TELEFONE_VISITANTE (cpf, numero)
VALUES ('57423634948','57423634948'); 

INSERT TELEFONE_VISITANTE (cpf, numero)
VALUES ('10670004294','10670004294'); 

INSERT TELEFONE_VISITANTE (cpf, numero)
VALUES ('76596456412','76596456412');
/* PEQUISADOR */
INSERT PESQUISADOR( CPF,nume_id_cart,instituicao,grad_acad,conclusao)
VALUES("11914755308", "99844114", "UFPB - Campus João Pessoa","Bacharelado" , 2020);

INSERT PESQUISADOR( CPF,nume_id_cart,instituicao,grad_acad,conclusao)
VALUES("64482378798", "34141937", "IFPB - Campus João Pessoa","Ensino Médio completo", 2018);

INSERT PESQUISADOR( CPF,nume_id_cart,instituicao,grad_acad,conclusao)
VALUES("23156909432", "66672372", "UERJ - Campus Maracanã",   "Pós graduado", 2000);

INSERT PESQUISADOR( CPF,nume_id_cart,instituicao,grad_acad,conclusao)
VALUES("24344841158", "34309530", "IFPE - Campus Recife",     "Superior incompleto",    2022);
INSERT PESQUISADOR( CPF,nume_id_cart,instituicao,grad_acad,conclusao)
VALUES("76426078735", "63963130", "UFCG - Campus Cajazeiras", "Superior incompleto",2005);

INSERT PESQUISADOR( CPF,nume_id_cart,instituicao,grad_acad,conclusao)
VALUES("97723581319", "94079542", Null, Null, NULL);

INSERT PESQUISADOR( CPF,nume_id_cart,instituicao,grad_acad,conclusao)
VALUES("52107813647", "63998365", "UFMG - Campus Belo Horizonte", "Superior incompleto", 2001);

INSERT PESQUISADOR( CPF,nume_id_cart,instituicao,grad_acad,conclusao)
VALUES("67781375505", "37983688", "UFMS - Campus Pantanal",    "Pós graduado",   2000);

INSERT PESQUISADOR( CPF,nume_id_cart,instituicao,grad_acad,conclusao)
VALUES("23940071501", "79365839", "UFCG - Campus Cajazeiras",  "Bachalerado",    2008);

INSERT PESQUISADOR( CPF,nume_id_cart,instituicao,grad_acad,conclusao)
VALUES("63612908405", "65981431", Null,Null,Null);

INSERT PESQUISADOR( CPF,nume_id_cart,instituicao,grad_acad,conclusao)
VALUES("54052700597", "15965869", "UFBA - Campus Salvador",    "Tecnólogo",      2020);

INSERT PESQUISADOR( CPF,nume_id_cart,instituicao,grad_acad,conclusao)
VALUES("71106412443", "25797981", "UFSM - Campus Sachoeira Do Sul", "Tecnólogo", 2021);

INSERT PESQUISADOR( CPF,nume_id_cart,instituicao,grad_acad,conclusao)
VALUES("11581721927", "76973274",  "UFSM - Campus Sachoeira Do Sul", "Superior incompleto", Null);

INSERT PESQUISADOR( CPF,nume_id_cart,instituicao,grad_acad,conclusao)
VALUES("41497522498", "47628026", "UFBA - Campus Salvador",   "Superior incompleto",2007);

INSERT PESQUISADOR( CPF,nume_id_cart,instituicao,grad_acad,conclusao)
VALUES("44028157706", "16623773", "UFSC - Campus Joinville",  "Doutorado",      2004);

INSERT PESQUISADOR( CPF,nume_id_cart,instituicao,grad_acad,conclusao)
VALUES("55537846543", "88010090", "USP -  Campus São Carlos", "Pós graduado",   2005                );

INSERT PESQUISADOR( CPF,nume_id_cart,instituicao,grad_acad,conclusao)
VALUES("83668066850", "98459854", "UFRJ - Campus Duque De Caxias", "Doutorado", 1995);

INSERT PESQUISADOR( CPF,nume_id_cart,instituicao,grad_acad,conclusao)
VALUES("98503973901", "18374189", "UFCG - Campus João Pessoa", "Doutorado",   2003);

INSERT PESQUISADOR( CPF,nume_id_cart,instituicao,grad_acad,conclusao)
VALUES("96837117408", "15875125", "USP -  Campus São Carlos",  "Tecnólogo",   2020);

INSERT PESQUISADOR( CPF,nume_id_cart,instituicao,grad_acad,conclusao)
VALUES("64603661010", "81647247", "UFRJ - Campus Duque De Caxias", "Doutorado", 1985);

INSERT PESQUISADOR( CPF,nume_id_cart,instituicao,grad_acad,conclusao)
VALUES("67926064726", "60874566", "UFPE - Campus Recife",    "Bachalerado",  NULL);

INSERT PESQUISADOR( CPF,nume_id_cart,instituicao,grad_acad,conclusao)
VALUES("48949340860", "81417163", "UFC -  Campus Fortaleza", "Doutorado",   1986);

INSERT PESQUISADOR( CPF,nume_id_cart,instituicao,grad_acad,conclusao)
VALUES("95385258415", "20233883", "UFBA - Campus Salvador",  "Doutorado",    1998);

INSERT PESQUISADOR( CPF,nume_id_cart,instituicao,grad_acad,conclusao)
VALUES("76596456412", "11589966", "UFMG - Campus Belo Horizonte", "Bachalerado", 2021);

/* PROJETO_PESQUISADO */

INSERT PROJETO_PESQUISA(ID,titulo,subtitulo)

VALUES("25444487", "Convivência de Humanos com animais",  null);
INSERT PROJETO_PESQUISA(ID,titulo,subtitulo)

VALUES("41215854", "importância na adaptação aos habitats", null);
INSERT PROJETO_PESQUISA(ID,titulo,subtitulo)

VALUES("11344774", "Ansiedade em animais silvestres",  "Tratando das causas");
INSERT PROJETO_PESQUISA(ID,titulo,subtitulo)


VALUES("01744478", "Poluição sonora frente aos animais",  "Comportamento Animal");
INSERT PROJETO_PESQUISA(ID,titulo,subtitulo

VALUES("92475154", "Enfretamento a poluição",  "Impacto nos Animais");
INSERT PROJETO_PESQUISA(ID,titulo,subtitulo)

VALUES("10414765", "Desenvolvimento sustentavél", null);
INSERT PROJETO_PESQUISA(ID,titulo,subtitulo)

VALUES("14875434", "Alimentação inadequada por visitantes", "E como enfrentar");
INSERT PROJETO_PESQUISA(ID,titulo,subtitulo)

VALUES("68955794", "A influência Da vegetação",   "E beneficios dela" );
INSERT PROJETO_PESQUISA(ID,titulo,subtitulo)

VALUES("35442851", "Causas de enfermidades em animais", null);
INSERT PROJETO_PESQUISA(ID,titulo,subtitulo)
VALUES("75145896", "O Conivio entre os animais",    "E como comportam-se");

/* PROJETO DESENVOLVIDO */
INSERT DESENVOLVIMENTO_PROJETO(pesquisador,cod_proj,data_inicio,data_final) 
VALUES("64482378798", "41215854","2012-04-10", "2013-05-12");
INSERT DESENVOLVIMENTO_PROJETO(pesquisador,cod_proj,data_inicio,data_final) 
VALUES("11914755308", "25444487","2010-11-25", "2013-10-28");
INSERT DESENVOLVIMENTO_PROJETO(pesquisador,cod_proj,data_inicio,data_final) 
VALUES("24344841158", "01744478","2017-02-01", "2018-10-25");
INSERT DESENVOLVIMENTO_PROJETO(pesquisador,cod_proj,data_inicio,data_final) 
VALUES("23156909432", "11344774","2015-06-29", "2016-12-05");
INSERT DESENVOLVIMENTO_PROJETO(pesquisador,cod_proj,data_inicio,data_final) 
VALUES("97723581319", "10414765","2010-10-10", "2011-05-16");
INSERT DESENVOLVIMENTO_PROJETO(pesquisador,cod_proj,data_inicio,data_final) 
VALUES("76426078735", "92475154","2013-12-02", "2015-06-17");
INSERT DESENVOLVIMENTO_PROJETO(pesquisador,cod_proj,data_inicio,data_final) 
VALUES("67781375505", "68955794","2014-06-05", "2016-12-12");
INSERT DESENVOLVIMENTO_PROJETO(pesquisador,cod_proj,data_inicio,data_final) 
VALUES("52107813647", "14875434","2012-12-12", "2014-01-25");
INSERT DESENVOLVIMENTO_PROJETO(pesquisador,cod_proj,data_inicio,data_final) 
VALUES("63612908405", "75145896","2011-08-20", "2013-01-10" );
INSERT DESENVOLVIMENTO_PROJETO(pesquisador,cod_proj,data_inicio,data_final) 
VALUES("23940071501", "35442851" ,"2016-09-17", "2018-04-21");

/* INGRESSO_CATALOGO */

INSERT INGRESSO_CATALAGO (tipo_nome,preco,area_perm,cor) VALUES('ADULTO', 15.00, 'Áreas de lazer; Parte externa dos habitats e estufas;', 'AZUL');
INSERT INGRESSO_CATALAGO (tipo_nome,preco,area_perm,cor) VALUES('PESQUISADOR', 10.00, 'Áreas de lazer; Parte externa e interna dos habitats e estufas; Àreas de pesquisa e coleta de amostras;', 'VERDE');
INSERT INGRESSO_CATALAGO (tipo_nome,preco,area_perm,cor) VALUES('INFANTIL', 5.00, 'Áreas de lazer; Parte externa dos habitats e estufas; Praça infantil;', 'AMARELO');
INSERT INGRESSO_CATALAGO (tipo_nome,preco,area_perm,cor) VALUES('ESCOLAR', '3.50', 'Áreas de lazer; Parte externa dos habitats e estufas; Àreas de diversão extremas; Praça Infantil; Espaço na área de Amostra', 'VERMELHO');
INSERT INGRESSO_CATALAGO (tipo_nome,preco,area_perm,cor) VALUES('APRECIANTE EXÓTICO', 0.00, 'Parte interna dos habitats e estufas; restaurante privado', 'PÚRPURA');


/* INGRESSO_DISPONÍVEL */
INSERT INGRESSO_DISPONIVEL(ID,tipo)
VALUES("84376803", 2);
INSERT INGRESSO_DISPONIVEL(ID,tipo)
VALUES("3121H045", 3);
INSERT INGRESSO_DISPONIVEL(ID,tipo)
VALUES("251405U2", 2);
INSERT INGRESSO_DISPONIVEL(ID,tipo)
VALUES("5K63IG74", 5);
INSERT INGRESSO_DISPONIVEL(ID,tipo)
VALUES("47243P85", 4);
INSERT INGRESSO_DISPONIVEL(ID,tipo)
VALUES("C2L24B0R", 4);
INSERT INGRESSO_DISPONIVEL(ID,tipo)
VALUES("42528BE7", 2);
INSERT INGRESSO_DISPONIVEL(ID,tipo)
VALUES("5N754P0G", 5);
INSERT INGRESSO_DISPONIVEL(ID,tipo)
VALUES("4SPW7H14", 5);
INSERT INGRESSO_DISPONIVEL(ID,tipo)
VALUES("L302C6M4", 5);
INSERT INGRESSO_DISPONIVEL(ID,tipo)
VALUES("4Q7411M0", 2);
INSERT INGRESSO_DISPONIVEL(ID,tipo)
VALUES("502FB233", 2);
INSERT INGRESSO_DISPONIVEL(ID,tipo)
VALUES("AQ62133H", 1);
INSERT INGRESSO_DISPONIVEL(ID,tipo)
VALUES("G5K5B214", 4);
INSERT INGRESSO_DISPONIVEL(ID,tipo)
VALUES("KK112B77", 1);
INSERT INGRESSO_DISPONIVEL(ID,tipo)
VALUES("241874P5", 1);
INSERT INGRESSO_DISPONIVEL(ID,tipo)
VALUES("0L702053", 4);
INSERT INGRESSO_DISPONIVEL(ID,tipo)
VALUES("21EN62X7", 1);
INSERT INGRESSO_DISPONIVEL(ID,tipo)
VALUES("73732UJ3", 1);
INSERT INGRESSO_DISPONIVEL(ID,tipo)
VALUES("1O73S073", 2);
INSERT INGRESSO_DISPONIVEL(ID,tipo)
VALUES("P28H2355", 2);
INSERT INGRESSO_DISPONIVEL(ID,tipo)
VALUES("US22G4P7", 4);
INSERT INGRESSO_DISPONIVEL(ID,tipo)
VALUES("5M5R58T4", 1);
INSERT INGRESSO_DISPONIVEL(ID,tipo)
VALUES("FVH7E770", 5);
INSERT INGRESSO_DISPONIVEL(ID,tipo)
VALUES("580I43UI", 2);
INSERT INGRESSO_DISPONIVEL(ID,tipo)
VALUES("I8O77X62", 4);
INSERT INGRESSO_DISPONIVEL(ID,tipo)
VALUES("SJI1V025", 5);
INSERT INGRESSO_DISPONIVEL(ID,tipo)
VALUES("1Y3NE070", 5);
INSERT INGRESSO_DISPONIVEL(ID,tipo)
VALUES("0JM5X857", 5);
INSERT INGRESSO_DISPONIVEL(ID,tipo)
VALUES("2564CX65", 5);
INSERT INGRESSO_DISPONIVEL(ID,tipo)
VALUES("WYL58V4O", 5);
INSERT INGRESSO_DISPONIVEL(ID,tipo)
VALUES("SOF10258", 3);
INSERT INGRESSO_DISPONIVEL(ID,tipo)
VALUES("58LPT5C5", 3);
INSERT INGRESSO_DISPONIVEL(ID,tipo)
VALUES("8G28F154", 2);
INSERT INGRESSO_DISPONIVEL(ID,tipo)
VALUES("7W46Y0G4", 5);
INSERT INGRESSO_DISPONIVEL(ID,tipo)
VALUES("2668MVA6", 4);
INSERT INGRESSO_DISPONIVEL(ID,tipo)
VALUES("T84G1175", 3);
INSERT INGRESSO_DISPONIVEL(ID,tipo)
VALUES("147NQ737", 3);
INSERT INGRESSO_DISPONIVEL(ID,tipo)
VALUES("3XS7G48Q", 4);
INSERT INGRESSO_DISPONIVEL(ID,tipo)
VALUES("YI080AKB", 3);
INSERT INGRESSO_DISPONIVEL(ID,tipo)
VALUES("N7H0L270", 5);
INSERT INGRESSO_DISPONIVEL(ID,tipo)
VALUES("1V0772X7", 4);
INSERT INGRESSO_DISPONIVEL(ID,tipo)
VALUES("5727Q18E", 3);
INSERT INGRESSO_DISPONIVEL(ID,tipo)
VALUES("2348XX5U", 3);
INSERT INGRESSO_DISPONIVEL(ID,tipo)
VALUES("8M86536J", 2);
INSERT INGRESSO_DISPONIVEL(ID,tipo)
VALUES("6J7S0230", 5);
INSERT INGRESSO_DISPONIVEL(ID,tipo)
VALUES("8WIUW477", 3);
INSERT INGRESSO_DISPONIVEL(ID,tipo)
VALUES("2W15GR6F", 4);
INSERT INGRESSO_DISPONIVEL(ID,tipo)
VALUES("5385SICA", 5);
INSERT INGRESSO_DISPONIVEL(ID,tipo)
VALUES("04MD5Y18", 4);
INSERT INGRESSO_DISPONIVEL(ID,tipo)
VALUES("414138FS", 3);
INSERT INGRESSO_DISPONIVEL(ID,tipo)
VALUES("0UQ3GQ5W", 5);
INSERT INGRESSO_DISPONIVEL(ID,tipo)
VALUES("41FFYM3F", 5);
INSERT INGRESSO_DISPONIVEL(ID,tipo)
VALUES("88834GPO", 4);
INSERT INGRESSO_DISPONIVEL(ID,tipo)
VALUES("60H30TA5", 5);
INSERT INGRESSO_DISPONIVEL(ID,tipo)
VALUES("VNYG501L", 4);
INSERT INGRESSO_DISPONIVEL(ID,tipo)
VALUES("I05436TB", 5);
INSERT INGRESSO_DISPONIVEL(ID,tipo)
VALUES("4CC357C7", 3);
INSERT INGRESSO_DISPONIVEL(ID,tipo)
VALUES("0EC08558", 4);
INSERT INGRESSO_DISPONIVEL(ID,tipo)
VALUES("6G885435", 4);
INSERT INGRESSO_DISPONIVEL(ID,tipo)
VALUES("U11XY5U5", 4);
INSERT INGRESSO_DISPONIVEL(ID,tipo)
VALUES("3Y51RS7Q", 5);
INSERT INGRESSO_DISPONIVEL(ID,tipo)
VALUES("11330451", 5);
INSERT INGRESSO_DISPONIVEL(ID,tipo)
VALUES("558GF658", 5);
INSERT INGRESSO_DISPONIVEL(ID,tipo)
VALUES("AH570060", 3);
INSERT INGRESSO_DISPONIVEL(ID,tipo)
VALUES("K01W5KJ7", 5);
INSERT INGRESSO_DISPONIVEL(ID,tipo)
VALUES("T565IN61", 5);
INSERT INGRESSO_DISPONIVEL(ID,tipo)
VALUES("23205Y70", 5);
INSERT INGRESSO_DISPONIVEL(ID,tipo)
VALUES("DL806DB3", 3);
INSERT INGRESSO_DISPONIVEL(ID,tipo)
VALUES("8138872T", 3);
INSERT INGRESSO_DISPONIVEL(ID,tipo)
VALUES("N1EE75L8", 3);
INSERT INGRESSO_DISPONIVEL(ID,tipo)
VALUES("C275WKMY", 3);
INSERT INGRESSO_DISPONIVEL(ID,tipo)
VALUES("618DI008", 4);
INSERT INGRESSO_DISPONIVEL(ID,tipo)
VALUES("5I624XF5", 2);
INSERT INGRESSO_DISPONIVEL(ID,tipo)
VALUES("7121W4L7", 4);
INSERT INGRESSO_DISPONIVEL(ID,tipo)
VALUES("14854750", 2);
INSERT INGRESSO_DISPONIVEL(ID,tipo)
VALUES("066372FV", 5);
INSERT INGRESSO_DISPONIVEL(ID,tipo)
VALUES("R5OP1K86", 2);
INSERT INGRESSO_DISPONIVEL(ID,tipo)
VALUES("FQ60663B", 5);
INSERT INGRESSO_DISPONIVEL(ID,tipo)
VALUES("20325243", 1);
INSERT INGRESSO_DISPONIVEL(ID,tipo)
VALUES("N3B535L4", 2);
INSERT INGRESSO_DISPONIVEL(ID,tipo)
VALUES("6741VGK3", 4);
INSERT INGRESSO_DISPONIVEL(ID,tipo)
VALUES("W226Q856", 3);
INSERT INGRESSO_DISPONIVEL(ID,tipo)
VALUES("6DJSN854", 3);
INSERT INGRESSO_DISPONIVEL(ID,tipo)
VALUES("UT804OKY", 4);
INSERT INGRESSO_DISPONIVEL(ID,tipo)
VALUES("R46T7H35", 1);
INSERT INGRESSO_DISPONIVEL(ID,tipo)
VALUES("I0705W8E", 4);
INSERT INGRESSO_DISPONIVEL(ID,tipo)
VALUES("77M326A7", 3);
INSERT INGRESSO_DISPONIVEL(ID,tipo)
VALUES("5010VUU2", 4);
INSERT INGRESSO_DISPONIVEL(ID,tipo)
VALUES("44V31567", 3);
INSERT INGRESSO_DISPONIVEL(ID,tipo)
VALUES("004S4622", 1);
INSERT INGRESSO_DISPONIVEL(ID,tipo)
VALUES("S5YY4O32", 1);
INSERT INGRESSO_DISPONIVEL(ID,tipo)
VALUES("JK78B616", 3);
INSERT INGRESSO_DISPONIVEL(ID,tipo)
VALUES("G5Q47M7O", 3);
INSERT INGRESSO_DISPONIVEL(ID,tipo)
VALUES("K22U6508", 4);
INSERT INGRESSO_DISPONIVEL(ID,tipo)
VALUES("V70B01U8", 3);
INSERT INGRESSO_DISPONIVEL(ID,tipo)
VALUES("15763208", 2);
INSERT INGRESSO_DISPONIVEL(ID,tipo)
VALUES("88853887", 3);
INSERT INGRESSO_DISPONIVEL(ID,tipo)
VALUES("78ER2N55", 1);
INSERT INGRESSO_DISPONIVEL(ID,tipo)
VALUES("418544X8", 4);
INSERT INGRESSO_DISPONIVEL(ID,tipo)
VALUES("50124360", 4);
INSERT INGRESSO_DISPONIVEL(ID,tipo)
VALUES("Q244686T", 1);
INSERT INGRESSO_DISPONIVEL(ID,tipo)
VALUES("2723A715", 4);
INSERT INGRESSO_DISPONIVEL(ID,tipo)
VALUES("00R81172", 4);
INSERT INGRESSO_DISPONIVEL(ID,tipo)
VALUES("3R500H55", 4);
INSERT INGRESSO_DISPONIVEL(ID,tipo)
VALUES("1H7H1114", 4);
INSERT INGRESSO_DISPONIVEL(ID,tipo)
VALUES("75BJ25L5", 4);
INSERT INGRESSO_DISPONIVEL(ID,tipo)
VALUES("1430TQ4R", 2);
INSERT INGRESSO_DISPONIVEL(ID,tipo)
VALUES("4K650051", 1);
INSERT INGRESSO_DISPONIVEL(ID,tipo)
VALUES("4B4366S2", 4);
INSERT INGRESSO_DISPONIVEL(ID,tipo)
VALUES("OI4LN7H0", 3);
INSERT INGRESSO_DISPONIVEL(ID,tipo)
VALUES("H1H3G3FC", 3);
INSERT INGRESSO_DISPONIVEL(ID,tipo)
VALUES("28243247", 4);
INSERT INGRESSO_DISPONIVEL(ID,tipo)
VALUES("HX6Q52V1", 2);
INSERT INGRESSO_DISPONIVEL(ID,tipo)
VALUES("O51B1NF0", 3);
INSERT INGRESSO_DISPONIVEL(ID,tipo)
VALUES("SB211165", 1);
INSERT INGRESSO_DISPONIVEL(ID,tipo)
VALUES("5H148508", 1);
INSERT INGRESSO_DISPONIVEL(ID,tipo)
VALUES("812H1530", 2);
INSERT INGRESSO_DISPONIVEL(ID,tipo)
VALUES("17L0GX8A", 3);
INSERT INGRESSO_DISPONIVEL(ID,tipo)
VALUES("0401L8K1", 3);
INSERT INGRESSO_DISPONIVEL(ID,tipo)
VALUES("D161020M", 2);
INSERT INGRESSO_DISPONIVEL(ID,tipo)
VALUES("18GA163U", 1);
INSERT INGRESSO_DISPONIVEL(ID,tipo)
VALUES("41034182", 2);
INSERT INGRESSO_DISPONIVEL(ID,tipo)
VALUES("AC5OIL86", 2);
INSERT INGRESSO_DISPONIVEL(ID,tipo)
VALUES("1234Q400", 4);
INSERT INGRESSO_DISPONIVEL(ID,tipo)
VALUES("6522Q5M0", 3);
INSERT INGRESSO_DISPONIVEL(ID,tipo)
VALUES("M5TT7P00", 3);
INSERT INGRESSO_DISPONIVEL(ID,tipo)
VALUES("2C037166", 3);
INSERT INGRESSO_DISPONIVEL(ID,tipo)
VALUES("10CAQ2W3", 2);
INSERT INGRESSO_DISPONIVEL(ID,tipo)
VALUES("4146200I", 1);
INSERT INGRESSO_DISPONIVEL(ID,tipo)
VALUES("4207863H", 4);
INSERT INGRESSO_DISPONIVEL(ID,tipo)
VALUES("J7X43243", 2);
INSERT INGRESSO_DISPONIVEL(ID,tipo)
VALUES("3232424M", 1);
INSERT INGRESSO_DISPONIVEL(ID,tipo)
VALUES("75FH14GA", 2);
INSERT INGRESSO_DISPONIVEL(ID,tipo)
VALUES("5N72Y286", 1);
INSERT INGRESSO_DISPONIVEL(ID,tipo)
VALUES("EO2387F8", 2);
INSERT INGRESSO_DISPONIVEL(ID,tipo)
VALUES("3W644IT8", 2);
INSERT INGRESSO_DISPONIVEL(ID,tipo)
VALUES("R0GMJ443", 3);
INSERT INGRESSO_DISPONIVEL(ID,tipo)
VALUES("8DHE7BO1", 4);
INSERT INGRESSO_DISPONIVEL(ID,tipo)
VALUES("6G2746PS", 4);
INSERT INGRESSO_DISPONIVEL(ID,tipo)
VALUES("18Q34007", 4);
INSERT INGRESSO_DISPONIVEL(ID,tipo)
VALUES("04TC15G0", 1);
INSERT INGRESSO_DISPONIVEL(ID,tipo)
VALUES("3K664G70", 3);
INSERT INGRESSO_DISPONIVEL(ID,tipo)
VALUES("11523058", 4);
INSERT INGRESSO_DISPONIVEL(ID,tipo)
VALUES("0T337TL4", 4);
INSERT INGRESSO_DISPONIVEL(ID,tipo)
VALUES("DU86YU4B", 3);
INSERT INGRESSO_DISPONIVEL(ID,tipo)
VALUES("O13221I3", 2);
INSERT INGRESSO_DISPONIVEL(ID,tipo)
VALUES("274CSB2I", 4);
INSERT INGRESSO_DISPONIVEL(ID,tipo)
VALUES("513J6NNE", 3);
INSERT INGRESSO_DISPONIVEL(ID,tipo)
VALUES("8H70V427", 4);

/* INGRESSOS_COMPRADOS */

INSERT INGRESSOS_COMPRADOS(id_compra,comprador,ingresso,auxiliador_func,data_compra) VALUES("P61X26734V4", "83668066850","8G28F154",NULL,"2022-12-20");
INSERT INGRESSOS_COMPRADOS(id_compra,comprador,ingresso,auxiliador_func,data_compra) VALUES("RN112702424", "99288674101","C275WKMY",NULL,"2022-12-19");
INSERT INGRESSOS_COMPRADOS(id_compra,comprador,ingresso,auxiliador_func,data_compra) VALUES("4SS420275W5", "98503973901","77M326A7",NULL,"2022-12-17");
INSERT INGRESSOS_COMPRADOS(id_compra,comprador,ingresso,auxiliador_func,data_compra) VALUES("0M07NK6SDQP", "64603661010","T565IN61",NULL,"2022-12-16");
INSERT INGRESSOS_COMPRADOS(id_compra,comprador,ingresso,auxiliador_func,data_compra) VALUES("2M1660701FS", "67926064726","N7H0L270",NULL,"2022-12-17");
INSERT INGRESSOS_COMPRADOS(id_compra,comprador,ingresso,auxiliador_func,data_compra) VALUES("88H7TT41GN5", "95385258415","O51B1NF0",NULL,"2022-12-15");
INSERT INGRESSOS_COMPRADOS(id_compra,comprador,ingresso,auxiliador_func,data_compra) VALUES("2PFO07P7010", "48949340860","5010VUU2",NULL,"2022-12-19");
INSERT INGRESSOS_COMPRADOS(id_compra,comprador,ingresso,auxiliador_func,data_compra) VALUES("075TG08687Y", "96837117408","6G885435",NULL,"2022-12-17");
INSERT INGRESSOS_COMPRADOS(id_compra,comprador,ingresso,auxiliador_func,data_compra) VALUES("64C7236X264", "49879959485","3121H045",NULL,"2022-12-16");
INSERT INGRESSOS_COMPRADOS(id_compra,comprador,ingresso,auxiliador_func,data_compra) VALUES("5FMG42A540B", "93417036542","004S4622",NULL,"2022-12-19");
INSERT INGRESSOS_COMPRADOS(id_compra,comprador,ingresso,auxiliador_func,data_compra) VALUES("465S05028FF", "34228058507","8DHE7BO1",NULL,"2022-12-19");
INSERT INGRESSOS_COMPRADOS(id_compra,comprador,ingresso,auxiliador_func,data_compra) VALUES("238YJ821KE1", "47994960006","0401L8K1",NULL,"2022-12-15");
INSERT INGRESSOS_COMPRADOS(id_compra,comprador,ingresso,auxiliador_func,data_compra) VALUES("6L2Q5L187YO", "29934345781","11523058",NULL,"2022-12-19");
INSERT INGRESSOS_COMPRADOS(id_compra,comprador,ingresso,auxiliador_func,data_compra) VALUES("2W46172I6V0", "38661444829","18GA163U",NULL,"2022-12-18");
INSERT INGRESSOS_COMPRADOS(id_compra,comprador,ingresso,auxiliador_func,data_compra) VALUES("706Q1145S27", "58623066251","21EN62X7",NULL,"2022-12-15");
INSERT INGRESSOS_COMPRADOS(id_compra,comprador,ingresso,auxiliador_func,data_compra) VALUES("2J3DP8A584F", "60590923145","4CC357C7",NULL,"2022-12-20");
INSERT INGRESSOS_COMPRADOS(id_compra,comprador,ingresso,auxiliador_func,data_compra) VALUES("218375EH7LT", "71945058609","5385SICA",NULL,"2022-12-19");
INSERT INGRESSOS_COMPRADOS(id_compra,comprador,ingresso,auxiliador_func,data_compra) VALUES("Q7J0066462G", "51218481706","558GF658",NULL,"2022-12-17");
INSERT INGRESSOS_COMPRADOS(id_compra,comprador,ingresso,auxiliador_func,data_compra) VALUES("EJ33A87V532", "50914287630","R5OP1K86",NULL,"2022-12-17");
INSERT INGRESSOS_COMPRADOS(id_compra,comprador,ingresso,auxiliador_func,data_compra) VALUES("4HNJPE54K37", "72313085708","78ER2N55",NULL,"2022-12-20");
INSERT INGRESSOS_COMPRADOS(id_compra,comprador,ingresso,auxiliador_func,data_compra) VALUES("PD37003311X", "37353265523","20325243",NULL,"2022-12-15");
INSERT INGRESSOS_COMPRADOS(id_compra,comprador,ingresso,auxiliador_func,data_compra) VALUES("186N8524RE1", "57095314802","2W15GR6F",NULL,"2022-12-15");
INSERT INGRESSOS_COMPRADOS(id_compra,comprador,ingresso,auxiliador_func,data_compra) VALUES("I2I3238100J", "31295917025","58LPT5C5",NULL,"2022-12-20");
INSERT INGRESSOS_COMPRADOS(id_compra,comprador,ingresso,auxiliador_func,data_compra) VALUES("H308D773352", "13725158282","580I43UI",NULL,"2022-12-18");
INSERT INGRESSOS_COMPRADOS(id_compra,comprador,ingresso,auxiliador_func,data_compra) VALUES("26AUV7231U7", "87940104047","JK78B616",NULL,"2022-12-17");
INSERT INGRESSOS_COMPRADOS(id_compra,comprador,ingresso,auxiliador_func,data_compra) VALUES("2Q1110384KL", "67584336841","N1EE75L8",NULL,"2022-12-18");
INSERT INGRESSOS_COMPRADOS(id_compra,comprador,ingresso,auxiliador_func,data_compra) VALUES("N1DU45X11BW", "43335280032","3W644IT8",NULL,"2022-12-17");
INSERT INGRESSOS_COMPRADOS(id_compra,comprador,ingresso,auxiliador_func,data_compra) VALUES("13YKW73N8IN", "96981046407","6741VGK3",NULL,"2022-12-17");
INSERT INGRESSOS_COMPRADOS(id_compra,comprador,ingresso,auxiliador_func,data_compra) VALUES("46I87WT8EV2", "90320237729","U11XY5U5",NULL,"2022-12-15");
INSERT INGRESSOS_COMPRADOS(id_compra,comprador,ingresso,auxiliador_func,data_compra) VALUES("74O8O7Q6E00", "94684010228","88853887",NULL,"2022-12-20");
INSERT INGRESSOS_COMPRADOS(id_compra,comprador,ingresso,auxiliador_func,data_compra) VALUES("22L17118011", "35860652569","8M86536J",NULL,"2022-12-19");
INSERT INGRESSOS_COMPRADOS(id_compra,comprador,ingresso,auxiliador_func,data_compra) VALUES("5B8N15G8500", "53852974534","SB211165",NULL,"2022-12-18");
INSERT INGRESSOS_COMPRADOS(id_compra,comprador,ingresso,auxiliador_func,data_compra) VALUES("61850DDY4KP", "83943706168","1V0772X7",NULL,"2022-12-19");
INSERT INGRESSOS_COMPRADOS(id_compra,comprador,ingresso,auxiliador_func,data_compra) VALUES("8781675E316", "14375303549","0L702053",NULL,"2022-12-18");
INSERT INGRESSOS_COMPRADOS(id_compra,comprador,ingresso,auxiliador_func,data_compra) VALUES("353M7287M3E", "86063755861","AQ62133H",NULL,"2022-12-19");
INSERT INGRESSOS_COMPRADOS(id_compra,comprador,ingresso,auxiliador_func,data_compra) VALUES("58N3PH3454D", "63782435818","6J7S0230",NULL,"2022-12-18");
INSERT INGRESSOS_COMPRADOS(id_compra,comprador,ingresso,auxiliador_func,data_compra) VALUES("40561M7W317", "60159197287","KK112B77",NULL,"2022-12-15");
INSERT INGRESSOS_COMPRADOS(id_compra,comprador,ingresso,auxiliador_func,data_compra) VALUES("876A15KJT81", "79889368919","15763208",NULL,"2022-12-17");
INSERT INGRESSOS_COMPRADOS(id_compra,comprador,ingresso,auxiliador_func,data_compra) VALUES("JXV66772114", "73648130048","147NQ737",NULL,"2022-12-16");
INSERT INGRESSOS_COMPRADOS(id_compra,comprador,ingresso,auxiliador_func,data_compra) VALUES("44WGE458584", "51833500350","42528BE7",NULL,"2022-12-19");
INSERT INGRESSOS_COMPRADOS(id_compra,comprador,ingresso,auxiliador_func,data_compra) VALUES("42783F3V18B", "53220781187","2348XX5U",NULL,"2022-12-19");
INSERT INGRESSOS_COMPRADOS(id_compra,comprador,ingresso,auxiliador_func,data_compra) VALUES("78U56236OXN", "33530650757","SJI1V025",NULL,"2022-12-20");
INSERT INGRESSOS_COMPRADOS(id_compra,comprador,ingresso,auxiliador_func,data_compra) VALUES("2474458420M", "84251814100","41FFYM3F",NULL,"2022-12-18");
INSERT INGRESSOS_COMPRADOS(id_compra,comprador,ingresso,auxiliador_func,data_compra) VALUES("R8S51DB2YU6", "47867205268","5H148508",NULL,"2022-12-17");
INSERT INGRESSOS_COMPRADOS(id_compra,comprador,ingresso,auxiliador_func,data_compra) VALUES("25CD471M82V", "93298973122","AC5OIL86",NULL,"2022-12-18");
INSERT INGRESSOS_COMPRADOS(id_compra,comprador,ingresso,auxiliador_func,data_compra) VALUES("40DW4WB8C33", "80247071102","4B4366S2",NULL,"2022-12-20");
INSERT INGRESSOS_COMPRADOS(id_compra,comprador,ingresso,auxiliador_func,data_compra) VALUES("5618EF5G3W4", "26618488354","N3B535L4",NULL,"2022-12-20");
INSERT INGRESSOS_COMPRADOS(id_compra,comprador,ingresso,auxiliador_func,data_compra) VALUES("KP45GQE064S", "40113187106","47243P85",NULL,"2022-12-17");
INSERT INGRESSOS_COMPRADOS(id_compra,comprador,ingresso,auxiliador_func,data_compra) VALUES("GKD5288B06Q", "16950339496","5M5R58T4",NULL,"2022-12-20");
INSERT INGRESSOS_COMPRADOS(id_compra,comprador,ingresso,auxiliador_func,data_compra) VALUES("DYW8N27C325", "12683202261","T84G1175",NULL,"2022-12-20");
INSERT INGRESSOS_COMPRADOS(id_compra,comprador,ingresso,auxiliador_func,data_compra) VALUES("2J6664FE064", "10181769930","4146200I",NULL,"2022-12-15");
INSERT INGRESSOS_COMPRADOS(id_compra,comprador,ingresso,auxiliador_func,data_compra) VALUES("JJ0SM543N36", "94567438450","K22U6508",NULL,"2022-12-19");
INSERT INGRESSOS_COMPRADOS(id_compra,comprador,ingresso,auxiliador_func,data_compra) VALUES("S3I3W723M75", "97084191097","10CAQ2W3",NULL,"2022-12-18");
INSERT INGRESSOS_COMPRADOS(id_compra,comprador,ingresso,auxiliador_func,data_compra) VALUES("0F173K05238", "63979484807","251405U2",NULL,"2022-12-18");
INSERT INGRESSOS_COMPRADOS(id_compra,comprador,ingresso,auxiliador_func,data_compra) VALUES("2W5O4186120", "13921434386","0UQ3GQ5W",NULL,"2022-12-20");
INSERT INGRESSOS_COMPRADOS(id_compra,comprador,ingresso,auxiliador_func,data_compra) VALUES("60603L8E25E", "68285106403","14854750",NULL,"2022-12-17");
INSERT INGRESSOS_COMPRADOS(id_compra,comprador,ingresso,auxiliador_func,data_compra) VALUES("FM734CJLTVX", "40351060979","6G2746PS",NULL,"2022-12-18");
INSERT INGRESSOS_COMPRADOS(id_compra,comprador,ingresso,auxiliador_func,data_compra) VALUES("377UE122FW7", "39496798551","17L0GX8A",NULL,"2022-12-16");
INSERT INGRESSOS_COMPRADOS(id_compra,comprador,ingresso,auxiliador_func,data_compra) VALUES("824U0271EUB", "57423634948","EO2387F8",NULL,"2022-12-20");
INSERT INGRESSOS_COMPRADOS(id_compra,comprador,ingresso,auxiliador_func,data_compra) VALUES("CH77826I516", "10670004294","WYL58V4O",NULL,"2022-12-18");
INSERT INGRESSOS_COMPRADOS(id_compra,comprador,ingresso,auxiliador_func,data_compra) VALUES("180J0YF3W27", "76596456412","Q244686T",NULL,"2022-12-18");

/* HABITAT */
INSERT HABITAT(ID,fosso,tipo_solo,arvore_quant) VALUES("WKUPCFJBXV", True, "neve", 1);
INSERT HABITAT(ID,fosso,tipo_solo,arvore_quant) VALUES("WWQQNSJWVQ", False, "areia", 6);
INSERT HABITAT(ID,fosso,tipo_solo,arvore_quant) VALUES("THDRHUABEV", True, "rocha", 3);
INSERT HABITAT(ID,fosso,tipo_solo,arvore_quant) VALUES("URUMXODBTH", True, "água", DEFAULT);
INSERT HABITAT(ID,fosso,tipo_solo,arvore_quant) VALUES("IWQXWMKTBW", False, "híbrido", 5);
INSERT HABITAT(ID,fosso,tipo_solo,arvore_quant) VALUES("OIERVHEHLR", False, "granito", 2);
INSERT HABITAT(ID,fosso,tipo_solo,arvore_quant) VALUES("SZTOKXPWJO", True, "neve", 3);
INSERT HABITAT(ID,fosso,tipo_solo,arvore_quant) VALUES("KBWQNIRNZZ", True, "híbrido", 4);
INSERT HABITAT(ID,fosso,tipo_solo,arvore_quant) VALUES("VDDFYLAMZV", True, DEFAULT, 3);
INSERT HABITAT(ID,fosso,tipo_solo,arvore_quant) VALUES("YHWYZVBWAI", False, "neve", 1);
INSERT HABITAT(ID,fosso,tipo_solo,arvore_quant) VALUES("OZNYQASVOP", False, "granito", 3);
INSERT HABITAT(ID,fosso,tipo_solo,arvore_quant) VALUES("OQMGEHZRRG", False, "areia", 5);
INSERT HABITAT(ID,fosso,tipo_solo,arvore_quant) VALUES("WSSCNMTLHC", True, Default, 9);
INSERT HABITAT(ID,fosso,tipo_solo,arvore_quant) VALUES("XIRUZGRBAI", True, "água", DEFAULT);
INSERT HABITAT(ID,fosso,tipo_solo,arvore_quant) VALUES("TETZVZOOFR", True, Default, 5);
INSERT HABITAT(ID,fosso,tipo_solo,arvore_quant) VALUES("MELQHANYVP", True, "granito", 9);
INSERT HABITAT(ID,fosso,tipo_solo,arvore_quant) VALUES("XLDBUKVVNM", False, "água", DEFAULT);
INSERT HABITAT(ID,fosso,tipo_solo,arvore_quant) VALUES("JPGICPVWWH", False, DEFAULT, 5);
INSERT HABITAT(ID,fosso,tipo_solo,arvore_quant) VALUES("GSUYEEDLGN", False, "híbrido", 8);
INSERT HABITAT(ID,fosso,tipo_solo,arvore_quant) VALUES("BGURSDPASI", False, Default, 5);
INSERT HABITAT(ID,fosso,tipo_solo,arvore_quant) VALUES("DCAZGJVPMJ", True, "granito", 1);
INSERT HABITAT(ID,fosso,tipo_solo,arvore_quant) VALUES("BIGKQLNQSB", True, "água", DEFAULT);
INSERT HABITAT(ID,fosso,tipo_solo,arvore_quant) VALUES("ZDVRGKWSHK", True, "areia", 4);
INSERT HABITAT(ID,fosso,tipo_solo,arvore_quant) VALUES("MNZRINWTPZ", True, "neve", 2);
INSERT HABITAT(ID,fosso,tipo_solo,arvore_quant) VALUES("KOCIISRBFF", True, "água", DEFAULT);
INSERT HABITAT(ID,fosso,tipo_solo,arvore_quant) VALUES("AWGKBAJRFQ", False, "granito", 4);
INSERT HABITAT(ID,fosso,tipo_solo,arvore_quant) VALUES("HUPZCKBPCL", False, Default, 7);
INSERT HABITAT(ID,fosso,tipo_solo,arvore_quant) VALUES("JDHRQCBYQF", False, "neve", 5);
INSERT HABITAT(ID,fosso,tipo_solo,arvore_quant) VALUES("PQQNMNOTRE", False, "areia", 2);
INSERT HABITAT(ID,fosso,tipo_solo,arvore_quant) VALUES("EZUMVXICDS", False, Default, 9);
INSERT HABITAT(ID,fosso,tipo_solo,arvore_quant) VALUES("PKKPZHRYSC", True, "granito", 9);
INSERT HABITAT(ID,fosso,tipo_solo,arvore_quant) VALUES("APLEOUASAG", True, "rocha", 3);
INSERT HABITAT(ID,fosso,tipo_solo,arvore_quant) VALUES("TEJAGKPHLM", True, "híbrido", 4);
INSERT HABITAT(ID,fosso,tipo_solo,arvore_quant) VALUES("ILYAXWQZDK", True, "rocha", 2);
INSERT HABITAT(ID,fosso,tipo_solo,arvore_quant) VALUES("WXRWRJQJRT", True, "híbrido", 9);
INSERT HABITAT(ID,fosso,tipo_solo,arvore_quant) VALUES("OFORHMUICA", False, "híbrido", 2);
INSERT HABITAT(ID,fosso,tipo_solo,arvore_quant) VALUES("WDGBAMCIQB", False, Default, 10);
INSERT HABITAT(ID,fosso,tipo_solo,arvore_quant) VALUES("SXLXRAVMQE", False, "rocha", 3);
INSERT HABITAT(ID,fosso,tipo_solo,arvore_quant) VALUES("POYKKGLRTP", False, "areia", 7);
INSERT HABITAT(ID,fosso,tipo_solo,arvore_quant) VALUES("HXIXSRZMYD", False, "granito", 8);
INSERT HABITAT(ID,fosso,tipo_solo,arvore_quant) VALUES("FDJUYIMSUY", False, "rocha", 7);
INSERT HABITAT(ID,fosso,tipo_solo,arvore_quant) VALUES("HHGLOZQUDW", False, Default, 5);
INSERT HABITAT(ID,fosso,tipo_solo,arvore_quant) VALUES("IHLJDRJURM", True, "rocha", 6);
INSERT HABITAT(ID,fosso,tipo_solo,arvore_quant) VALUES("MJGFTHGOJS", False, Default, 10);
INSERT HABITAT(ID,fosso,tipo_solo,arvore_quant) VALUES("CFVJBWQYJX", True, "granito", 9);
INSERT HABITAT(ID,fosso,tipo_solo,arvore_quant) VALUES("KZDUDCQEOU", False, Default, 9);
INSERT HABITAT(ID,fosso,tipo_solo,arvore_quant) VALUES("FLTJREKWRX", True, "areia", 3);
INSERT HABITAT(ID,fosso,tipo_solo,arvore_quant) VALUES("DHLGWTQAWD", False, "granito", 1);
INSERT HABITAT(ID,fosso,tipo_solo,arvore_quant) VALUES("QFLPIHDGNC", True, "água", DEFAULT);
INSERT HABITAT(ID,fosso,tipo_solo,arvore_quant) VALUES("TNUNYGZNRD", True, "neve", 6);
INSERT HABITAT(ID,fosso,tipo_solo,arvore_quant) VALUES("EZACYYNISU", False, "granito", 8);
INSERT HABITAT(ID,fosso,tipo_solo,arvore_quant) VALUES("UZEAMZNXAN", False, "granito", 2);
INSERT HABITAT(ID,fosso,tipo_solo,arvore_quant) VALUES("ANVWQWPXYT", False, "areia", 6);
INSERT HABITAT(ID,fosso,tipo_solo,arvore_quant) VALUES("VUYPUXJAZB", False, Default, 2);
INSERT HABITAT(ID,fosso,tipo_solo,arvore_quant) VALUES("VAWGOAEZIH", False, "neve", 3);
INSERT HABITAT(ID,fosso,tipo_solo,arvore_quant) VALUES("LSOIXLADKC", False, "granito", 2);
INSERT HABITAT(ID,fosso,tipo_solo,arvore_quant) VALUES("DEARFJQZAI", False, "granito", 4);
INSERT HABITAT(ID,fosso,tipo_solo,arvore_quant) VALUES("TQPEGWXCYV", False, "neve", 8);
INSERT HABITAT(ID,fosso,tipo_solo,arvore_quant) VALUES("XCWCYASPTN", False, Default, 8);
INSERT HABITAT(ID,fosso,tipo_solo,arvore_quant) VALUES("NQPBFXEHGP", True, Default, 1);
INSERT HABITAT(ID,fosso,tipo_solo,arvore_quant) VALUES("FVSXYSBZNQ", False, "água", DEFAULT);
INSERT HABITAT(ID,fosso,tipo_solo,arvore_quant) VALUES("MJGPNUSNNH", True, "neve", 5);
INSERT HABITAT(ID,fosso,tipo_solo,arvore_quant) VALUES("OXFUQXXTGV", True, "granito",6);
INSERT HABITAT(ID,fosso,tipo_solo,arvore_quant) VALUES("BWHIALZRBB", True, "granito", 3);
INSERT HABITAT(ID,fosso,tipo_solo,arvore_quant) VALUES("AAOILQDASH", True, "areia", 1);
INSERT HABITAT(ID,fosso,tipo_solo,arvore_quant) VALUES("KYTDNXRCTH", False, "granito", 6);
INSERT HABITAT(ID,fosso,tipo_solo,arvore_quant) VALUES("THGMZTSIDB", False, "água", DEFAULT);
INSERT HABITAT(ID,fosso,tipo_solo,arvore_quant) VALUES("UGDFSKWZRQ", True, "areia", 3);
INSERT HABITAT(ID,fosso,tipo_solo,arvore_quant) VALUES("RUSMRIHOVK", False, "neve", 9);
INSERT HABITAT(ID,fosso,tipo_solo,arvore_quant) VALUES("NTZZHUZKXG", False, "água", DEFAULT);
INSERT HABITAT(ID,fosso,tipo_solo,arvore_quant) VALUES("RXHRFGDGLO", False, "granito", 4);
INSERT HABITAT(ID,fosso,tipo_solo,arvore_quant) VALUES("QLQOCBYDEH", False, "água", DEFAULT);
INSERT HABITAT(ID,fosso,tipo_solo,arvore_quant) VALUES("BVEVLDUUGA", False, "areia", 1);
INSERT HABITAT(ID,fosso,tipo_solo,arvore_quant) VALUES("PTDNZUENPG", True, "granito", 8);
INSERT HABITAT(ID,fosso,tipo_solo,arvore_quant) VALUES("IRTBPKZIVB", True, "água", DEFAULT);

/* FORNECEDOR */

INSERT FORNECEDOR(CNPJ,ENDERECO, nome_fant)
VALUES("75108761000160", "Av. Francislau, 40, Edifício João Cléber, apartamento 20 - Centro - João Pessoa - Paraíba", "Imaculada alimentos LTDA");
INSERT FORNECEDOR(CNPJ,ENDERECO, nome_fant)
VALUES("11661872000117", "Rua Rodofreldo, 190, perto do lado da oficina do Romeu - Cristo - João Pessoa - Paraíba", "Djique Manutenção de Habitats LTDA");
INSERT FORNECEDOR(CNPJ,ENDERECO, nome_fant)
VALUES("80799660000113", "Av. Dom João Figueredo, 410, de frente ao Mercado da Barganha - Geisel - João Pessoa - Paraíba", "Vulgo Castro Materiais de Limpeza LTDA");
INSERT FORNECEDOR(CNPJ,ENDERECO, nome_fant)
VALUES("07530555000194", "Av. Jabuticaba, 128 - Saúde - São Paulo - São Paulo", "Alfredo Jaulas LTDA");
INSERT FORNECEDOR(CNPJ,ENDERECO, nome_fant)
VALUES("08917962000111", "Rua da Jumenta, 400, via Expressa de Café com Leite - Chade - Florianópoles - Santa Catarina", "Ultrafarma LTDA" );
INSERT FORNECEDOR(CNPJ,ENDERECO, nome_fant)
VALUES("97429620000182", "Av. do Cabrito, 24, por trás da loja Brasilianos - Maneiro - Manaus - Amazonas", "Haiz Frutas Naturais LTDA");
INSERT FORNECEDOR(CNPJ,ENDERECO, nome_fant)
VALUES("96793493000133", "Rua dos Faz Tudo e Mais um pouco, 9, ao lado da creche - Bessa - João Pessoa - Paraíba", "João Bosco Equipamento medicamento");
INSERT FORNECEDOR(CNPJ,ENDERECO, nome_fant)
VALUES("37829203000132", "Av. João Boscudo, 10, em frente a Palhoça do Açougueiro - Centro - Recife - Pernambuco", "Loki Equipamento Profissional");

/* FORNECEDOR_EMAIL */

INSERT FORNECEDOR_EMAIL(CNPJ, email) VALUES ("75108761000160", "imaculadaalimentos@gmail.com");
INSERT FORNECEDOR_EMAIL(CNPJ, email) VALUES ("11661872000117", "djiquemanutencao@email.com");
INSERT FORNECEDOR_EMAIL(CNPJ, email) VALUES ("80799660000113", "saopaulino.carnes@yahoo.com");
INSERT FORNECEDOR_EMAIL(CNPJ, email) VALUES ("07530555000194", "alfredojaulas@outlook.com");
INSERT FORNECEDOR_EMAIL(CNPJ, email) VALUES ("08917962000111", "ultrafarma.farma@gmail.com");
INSERT FORNECEDOR_EMAIL(CNPJ, email) VALUES ("97429620000182", "haiz.frutas@gmail.com");
INSERT FORNECEDOR_EMAIL(CNPJ, email) VALUES ("96793493000133", "joaobosco@equipamento.vet.com");

/* RECURSO_ARMAZENADO */


INSERT RECURSO_ARMAZENADO(id,Forn_CNPJ,nome,quant_estoq,unidade, tipo, data_compra, data_vali,quant_forn, setor, nume_galpao,codi_prat) 
VALUES("ALINDLPP", "75108761000160", "carne", 200.70, "KG", "alimento", "13-12-2022", "10-02-2023",500.0, "AA001", 1, "AAA01");

INSERT RECURSO_ARMAZENADO(id,Forn_CNPJ,nome,quant_estoq,unidade, tipo, data_compra, data_vali,quant_forn,setor,nume_galpao,codi_prat) 
VALUES("MANBUBUS", "11661872000117", "tinta",50.0, "l", "Manutenção", "02-10-2022", "02-10-2037",120.0, 'BB001', 1, 'AAA01');

INSERT RECURSO_ARMAZENADO(id,Forn_CNPJ,nome,quant_estoq,unidade, tipo, data_compra, data_vali,quant_forn,setor,nume_galpao,codi_prat) 
VALUES("LIMJINDJ", "08917962000111", "sabão",100.0, "KG", "Limpeza", "15-12-2022", "15-12-2023",200.0, "CC001", 1, "AAA01");

INSERT RECURSO_ARMAZENADO(id,Forn_CNPJ,nome,quant_estoq,unidade, tipo, data_compra, data_vali,quant_forn,setor,nume_galpao,codi_prat) 
VALUES("JAUWUIWS", "07530555000194", "jaula", 13, null, "Jaula", "29-08-2022", "20-03-1890", 20, "DD001", 1, "DDD01");

INSERT RECURSO_ARMAZENADO(id,Forn_CNPJ,nome,quant_estoq,unidade, tipo, data_compra, data_vali,quant_forn,setor,nume_galpao,codi_prat) 
VALUES("FARIWWWX", "08917962000111", "analgésico", 12, null, "Medicamento", "10-12-2022", "10-12-2024", 20, "EE001", 1, "AAA01");

INSERT RECURSO_ARMAZENADO(id,Forn_CNPJ,nome,quant_estoq,unidade, tipo, data_compra, data_vali,quant_forn,setor,nume_galpao,codi_prat) 
VALUES("FARDUWBQ", "08917962000111", "anti-inflamatório", 15, null, "Medicamento", "10-12-2022", "10-12-2023", 20, "EE001", 1, "AAA02");

INSERT RECURSO_ARMAZENADO(id,Forn_CNPJ,nome,quant_estoq,unidade, tipo, data_compra, data_vali,quant_forn,setor,nume_galpao,codi_prat) 
VALUES("ALIWUHHO", "97429620000182", "penca de banana", 94, null, "alimento", "20-12-2022", "27-12-2022", 150, "AA001", 1, "AAA02");

INSERT RECURSO_ARMAZENADO(id,Forn_CNPJ,nome,quant_estoq,unidade, tipo, data_compra, data_vali,quant_forn,setor,nume_galpao,codi_prat) 
VALUES("VETQCMPI", "96793493000133", "vac antirábica", 7, null, "medicamento", "15-12-2022", "22-12-2025", 15, "FF001", 1, "AAA01");

INSERT RECURSO_ARMAZENADO(id,Forn_CNPJ,nome,quant_estoq,unidade, tipo, data_compra, data_vali,quant_forn,setor,nume_galpao,codi_prat) 
VALUES("VETDUIWW", "96793493000133", "anestésico", 16, null, "medicamento", "12-11-2022", "22-12-2025", 20, "FF001", 1, "AAA01");

INSERT RECURSO_ARMAZENADO(id,Forn_CNPJ,nome,quant_estoq,unidade, tipo, data_compra, data_vali,quant_forn,setor,nume_galpao,codi_prat) 
VALUES("PROWESDP", "37829203000132", "par de luvas", 34, null, "ferramenta", "10-11-2022", "20-03-1890", 100, "GG001", 1, "AAA02");

INSERT RECURSO_ARMAZENADO(id,Forn_CNPJ,nome,quant_estoq,unidade, tipo, data_compra, data_vali,quant_forn,setor,nume_galpao,codi_prat) 
VALUES("ALIWSPME", "75108761000160", "cacho de uvas", 82, null, "alimento", "10-12-2022", "29-12-2022", 200, "AA001", 1, "AAA03");

INSERT RECURSO_ARMAZENADO(id,Forn_CNPJ,nome,quant_estoq,unidade, tipo, data_compra, data_vali,quant_forn,setor,nume_galpao,codi_prat) 
VALUES("MANXCMEA", "11661872000117", "Parafusos", 63, null, "Manutenção", "09-09-2021", "20-03-1890", 2000, "BB001", 1, "AAA02");

INSERT RECURSO_ARMAZENADO(id,Forn_CNPJ,nome,quant_estoq,unidade, tipo, data_compra, data_vali,quant_forn,setor,nume_galpao,codi_prat) 
VALUES("LIMCNCWM", "11661872000117", "desinfetante", 180, 'l', "Limpeza", "10-12-2022", "10-12-2024", 200, "CC001", 1, "AAA02");

INSERT RECURSO_ARMAZENADO(id,Forn_CNPJ,nome,quant_estoq,unidade, tipo, data_compra, data_vali,quant_forn,setor,nume_galpao,codi_prat) 
VALUES("FAMCOWOW", "08917962000111", "antialérgico", 9, null, "Medicamento", "07-11-2022", "07-11-2024", 15, "EE001", 1, "AAA03");

INSERT RECURSO_ARMAZENADO(id,Forn_CNPJ,nome,quant_estoq,unidade, tipo, data_compra, data_vali,quant_forn,setor,nume_galpao,codi_prat) 
VALUES("FAMNANAC", "08917962000111", "antibiótico", 11, null, "Medicamento", "08-10-2022", "08-10-2024", 25, "EE001", 1, "AAA04");

INSERT RECURSO_ARMAZENADO(id,Forn_CNPJ,nome,quant_estoq,unidade, tipo, data_compra, data_vali,quant_forn,setor,nume_galpao,codi_prat) 
VALUES("ALISOWMD", "97429620000182", "manga", 20, null, "alimento", "20-12-2022", "27-10-2022", 40, "AA001", 1, "AAA04");

INSERT RECURSO_ARMAZENADO(id,Forn_CNPJ,nome,quant_estoq,unidade, tipo, data_compra, data_vali,quant_forn,setor,nume_galpao,codi_prat) 
VALUES("ALISOWMQ", "97429620000182", "maçã", 20, null, "alimento", "20-12-2022", "27-10-2022", 40, "AA001", 1, "AAA05");

INSERT RECURSO_ARMAZENADO(id,Forn_CNPJ,nome,quant_estoq,unidade, tipo, data_compra, data_vali,quant_forn,setor,nume_galpao,codi_prat) 
VALUES("FAREMOIC", "08917962000111", "cicatrizante", 28, null, "Medicamento", "19-12-2022", "19-12-2024", 45, "EE001", 1, "AAA05");

INSERT RECURSO_ARMAZENADO(id,Forn_CNPJ,nome,quant_estoq,unidade, tipo, data_compra, data_vali,quant_forn,setor,nume_galpao,codi_prat) 
VALUES("FARWENIU", "08917962000111", "vermifungo", 30, null, "Medicamento", "19-12-2022", "19-12-2024", 45, "EE001", 1, "AAA06");

INSERT RECURSO_ARMAZENADO(id,Forn_CNPJ,nome,quant_estoq,unidade, tipo, data_compra, data_vali,quant_forn,setor,nume_galpao,codi_prat) 
VALUES("LIMDOHDO", "08917962000111", "cloro", 13, "l", "Limpeza", "10-09-2022", "10-09-2024", 30, "CC001", 1, "AAA03");

INSERT RECURSO_ARMAZENADO(id,Forn_CNPJ,nome,quant_estoq,unidade, tipo, data_compra, data_vali,quant_forn,setor,nume_galpao,codi_prat) 
VALUES("FARMPZEC", "08917962000111", "antitóxico", 20, null, "Medicamento", "20-11-2022", "20-11-2024", 45, "EE001", 1, "AAA07");

INSERT RECURSO_ARMAZENADO(id,Forn_CNPJ,nome,quant_estoq,unidade, tipo, data_compra, data_vali,quant_forn,setor,nume_galpao,codi_prat) 
VALUES("FARPNVWP", "08917962000111", "antitetânico", 26, null, "Medicamento", "20-09-2022", "20-09-2024", 30, "EE001", 1, "AAA08");

INSERT RECURSO_ARMAZENADO(id,Forn_CNPJ,nome,quant_estoq,unidade, tipo, data_compra, data_vali,quant_forn,setor,nume_galpao,codi_prat) 
VALUES("FAREWPWN", "08917962000111", "dexametasona", 8, null, "Medicamento", "17-10-2022", "17-10-2024", 30, "EE001", 1, "AAA09");

INSERT RECURSO_ARMAZENADO(id,Forn_CNPJ,nome,quant_estoq,unidade, tipo, data_compra, data_vali,quant_forn,setor,nume_galpao,codi_prat) 
VALUES("FARHQWQW", "08917962000111", "sulfamexazol", 29, null, "Medicamento", "13-08-2022", "13-08-2024", 30, "EE001", 1, "AAA10");


/* ANIMAIS */

INSERT ANIMAL(ID,data_cheg,saude,nome_cien,nome_popu,alimentacao,clima_adap,habitat)
VALUES("6DH5Y663K5", "2010-11-13", "SAUDÁVEL", "Caninus Lupus", "lobinho", "carnivoro", "temperado", Null);
INSERT ANIMAL(ID,data_cheg,saude,nome_cien,nome_popu,alimentacao,clima_adap,habitat)
VALUES("L48PCE5300", "2007-4-27", "SAUDÁVEL", "Hippopotamus amphibius", "Hipopótamo", "onívoro", "quente", "IHLJDRJURM");
INSERT ANIMAL(ID,data_cheg,saude,nome_cien,nome_popu,alimentacao,clima_adap,habitat)
VALUES("6CS4167N26", "2022-8-2", "SAUDÁVEL", "Leopardus pardalis", "Jaguatirica", "carnívoro", "quente", "VUYPUXJAZB");
INSERT ANIMAL(ID,data_cheg,saude,nome_cien,nome_popu,alimentacao,clima_adap,habitat)
VALUES("24HHY21O88", "2007-5-22", DEFAULT, "Chrysocyon brachyurus", "Lobo guará", "carnívoro", "temperado", "DHLGWTQAWD");
INSERT ANIMAL(ID,data_cheg,saude,nome_cien,nome_popu,alimentacao,clima_adap,habitat)
VALUES("74CH07608D", "2006-8-9", "MORIBUNDO", "Panthera tigris", "Tigre", "carnívoro", "temperado", "RXHRFGDGLO");
INSERT ANIMAL(ID,data_cheg,saude,nome_cien,nome_popu,alimentacao,clima_adap,habitat)
VALUES("J514084851", "2021-3-13", "SAUDÁVEL", "Bubalus", "Búfalo", "herbívoro", "quente", "TETZVZOOFR");
INSERT ANIMAL(ID,data_cheg,saude,nome_cien,nome_popu,alimentacao,clima_adap,habitat)
VALUES("5307438347", "2021-11-28", "SAUDÁVEL", "Boa constrictor", "Jiboia", "carnívoro", "temperado", "MELQHANYVP");
INSERT ANIMAL(ID,data_cheg,saude,nome_cien,nome_popu,alimentacao,clima_adap,habitat)
VALUES("F8420I25K8", "1999-3-21", "ENFERMO", "Lynx", "Lince", "carnívoro", "temperado", Null);
INSERT ANIMAL(ID,data_cheg,saude,nome_cien,nome_popu,alimentacao,clima_adap,habitat)
VALUES("68306448J5", "1998-6-21", "ENFERMO", "Panthera onca", "Onça pintada", "carnívoro", "temperado", Null);
INSERT ANIMAL(ID,data_cheg,saude,nome_cien,nome_popu,alimentacao,clima_adap,habitat)
VALUES("S8X5LA03CR", "2010-6-14", "ENFERMO", "Hippopotamus amphibius", "Hipopótamo", "onívoro", "quente", Null);
INSERT ANIMAL(ID,data_cheg,saude,nome_cien,nome_popu,alimentacao,clima_adap,habitat)
VALUES("41O538F355", "2010-1-11", "SAUDÁVEL", "Hyaenidae", "Hiena", "carnívoro", "temperado", "WDGBAMCIQB");
INSERT ANIMAL(ID,data_cheg,saude,nome_cien,nome_popu,alimentacao,clima_adap,habitat)
VALUES("32QGTNHP80", "2014-1-26", "ENFERMO", "Lynx", "Lince", "carnívoro", "temperado", Null);
INSERT ANIMAL(ID,data_cheg,saude,nome_cien,nome_popu,alimentacao,clima_adap,habitat)
VALUES("7383EC1380", "1998-8-6", "SAUDÁVEL", "Equus zebra", "Zebra", "herbívoro", "temperado", "UZEAMZNXAN");
INSERT ANIMAL(ID,data_cheg,saude,nome_cien,nome_popu,alimentacao,clima_adap,habitat)
VALUES("P70554I0AM", "2018-3-6", "SAUDÁVEL", "Chrysocyon brachyurus", "Lobo guará", "carnívoro", "temperado", "EZACYYNISU");
INSERT ANIMAL(ID,data_cheg,saude,nome_cien,nome_popu,alimentacao,clima_adap,habitat)
VALUES("3B0352X5I7", "2022-9-9", "SAUDÁVEL", "Hydrochoerus hydrochaeris", "Capivara", "herbívoro", "aquático", "FVSXYSBZNQ");
INSERT ANIMAL(ID,data_cheg,saude,nome_cien,nome_popu,alimentacao,clima_adap,habitat)
VALUES("6STK3UUNLU", "2014-11-24", "SAUDÁVEL", "Ursus maritimus", "Urso polar", "onívoro", "frio", "OXFUQXXTGV");
INSERT ANIMAL(ID,data_cheg,saude,nome_cien,nome_popu,alimentacao,clima_adap,habitat)
VALUES("14W4G81L60", "2013-1-16", "ENFERMO", "Lynx", "Lince", "carnívoro", "temperado", Null);
INSERT ANIMAL(ID,data_cheg,saude,nome_cien,nome_popu,alimentacao,clima_adap,habitat)
VALUES("3W0OGC27U0", "2021-9-26", "SAUDÁVEL", "Hippopotamus amphibius", "Hipopótamo", "onívoro", "quente", "MJGFTHGOJS");
INSERT ANIMAL(ID,data_cheg,saude,nome_cien,nome_popu,alimentacao,clima_adap,habitat)
VALUES("04S3H7F67K", "2005-12-26", DEFAULT, "Bubalus", "Búfalo", "herbívoro", "quente", "TETZVZOOFR");
INSERT ANIMAL(ID,data_cheg,saude,nome_cien,nome_popu,alimentacao,clima_adap,habitat)
VALUES("XT2O65QV64", "2005-1-21", "SAUDÁVEL", "Canis latrans", "Coiote", "carnívoro", "temperado", "CFVJBWQYJX");
INSERT ANIMAL(ID,data_cheg,saude,nome_cien,nome_popu,alimentacao,clima_adap,habitat)
VALUES("VL1KIL106P", "2010-11-23", "SAUDÁVEL", "Macropus rufus", "Canguru vermelho", "herbívoro", "quente", "VDDFYLAMZV");
INSERT ANIMAL(ID,data_cheg,saude,nome_cien,nome_popu,alimentacao,clima_adap,habitat)
VALUES("M35027O253", "2005-10-22", "SAUDÁVEL", "Inia geoffrensis", "Boto cor de rosa", "peixivoro", "aquático", "URUMXODBTH");
INSERT ANIMAL(ID,data_cheg,saude,nome_cien,nome_popu,alimentacao,clima_adap,habitat)
VALUES("351756I505", "2015-7-29", "SAUDÁVEL", "Macropus rufus", "Canguru vermelho", "herbívoro", "quente", "HXIXSRZMYD");
INSERT ANIMAL(ID,data_cheg,saude,nome_cien,nome_popu,alimentacao,clima_adap,habitat)
VALUES("A0627B11D3", "2021-7-11", "SAUDÁVEL", "Chiroptera", "Morcego", "onívoro", "temperado", "POYKKGLRTP");
INSERT ANIMAL(ID,data_cheg,saude,nome_cien,nome_popu,alimentacao,clima_adap,habitat)
VALUES("7J77C30002", "2003-1-9", "SAUDÁVEL", "Haliaetus leucocephalus", "Águia de cabeça branca", "carnívoro", "temperado", "JPGICPVWWH");
INSERT ANIMAL(ID,data_cheg,saude,nome_cien,nome_popu,alimentacao,clima_adap,habitat)
VALUES("6X35843818", "2016-9-9", "SAUDÁVEL", "Panthera onca", "Onça pintada", "carnívoro", "temperado", "ZDVRGKWSHK");
INSERT ANIMAL(ID,data_cheg,saude,nome_cien,nome_popu,alimentacao,clima_adap,habitat)
VALUES("NTP764E45E", "2005-6-1", "SAUDÁVEL", "Leopardus pardalis", "Jaguatirica", "carnívoro", "quente", "THDRHUABEV");
INSERT ANIMAL(ID,data_cheg,saude,nome_cien,nome_popu,alimentacao,clima_adap,habitat)
VALUES("6523R0E8YI", "2021-12-17", "SAUDÁVEL", "Chiroptera", "Morcego", "onívoro", "temperado", "KYTDNXRCTH");
INSERT ANIMAL(ID,data_cheg,saude,nome_cien,nome_popu,alimentacao,clima_adap,habitat)
VALUES("U3O006U653", "2020-10-2", "SAUDÁVEL", "Haliaetus leucocephalus", "Águia de cabeça branca", "carnívoro", "temperado", "JPGICPVWWH");
INSERT ANIMAL(ID,data_cheg,saude,nome_cien,nome_popu,alimentacao,clima_adap,habitat)
VALUES("IIL15H37SS", "2005-11-2", "SAUDÁVEL", "Boa constrictor", "Jiboia", "carnívoro", "temperado", "OQMGEHZRRG");
INSERT ANIMAL(ID,data_cheg,saude,nome_cien,nome_popu,alimentacao,clima_adap,habitat)
VALUES("I7L7837T5U", "2013-10-26", "SAUDÁVEL", "Phascolarctos cinereus", "Coala", "herbívoro", "quente", "PTDNZUENPG");
INSERT ANIMAL(ID,data_cheg,saude,nome_cien,nome_popu,alimentacao,clima_adap,habitat)
VALUES("3U8X2YL04O", "2005-10-22", "ENFERMO", "Leopardus pardalis", "Jaguatirica", "carnívoro", "quente", Null);
INSERT ANIMAL(ID,data_cheg,saude,nome_cien,nome_popu,alimentacao,clima_adap,habitat)
VALUES("0OG5U2V536", "2001-11-24", DEFAULT, "Manis pentadactyla", "Pangolim chinês", "onívoro", "temperado", "DEARFJQZAI");
INSERT ANIMAL(ID,data_cheg,saude,nome_cien,nome_popu,alimentacao,clima_adap,habitat)
VALUES("UEY7A5502D", "2021-3-18", "SAUDÁVEL", "Sus scrofa", "Javali", "onívoro", "Temperado", "TEJAGKPHLM");
INSERT ANIMAL(ID,data_cheg,saude,nome_cien,nome_popu,alimentacao,clima_adap,habitat)
VALUES("6RA6MY6603", "2002-4-10", DEFAULT, "Giraffa", "Girafa", "herbívoro", "quente", "EZUMVXICDS");
INSERT ANIMAL(ID,data_cheg,saude,nome_cien,nome_popu,alimentacao,clima_adap,habitat)
VALUES("M261603122", "2018-9-12", "MORIBUNDO", "Coragyps atratus", "Urubu de cabeça preta", "carniceiro", "temperado", "KZDUDCQEOU");
INSERT ANIMAL(ID,data_cheg,saude,nome_cien,nome_popu,alimentacao,clima_adap,habitat)
VALUES("3461J17382", "1999-12-27", "SAUDÁVEL", "Bubalus", "Búfalo", "herbívoro", "quente", "ILYAXWQZDK");
INSERT ANIMAL(ID,data_cheg,saude,nome_cien,nome_popu,alimentacao,clima_adap,habitat)
VALUES("3YTMWQ0G85", "2004-9-1", "SAUDÁVEL", "Leopardus pardalis", "Jaguatirica", "carnívoro", "quente", "ANVWQWPXYT");
INSERT ANIMAL(ID,data_cheg,saude,nome_cien,nome_popu,alimentacao,clima_adap,habitat)
VALUES("3I61750241", "2002-10-4", "ENFERMO", "Giraffa", "Girafa", "herbívoro", "quente", Null);
INSERT ANIMAL(ID,data_cheg,saude,nome_cien,nome_popu,alimentacao,clima_adap,habitat)
VALUES("8724E047O0", "2016-11-14", "SAUDÁVEL", "Ursus maritimus", "Urso polar", "onívoro", "frio", "TQPEGWXCYV");
INSERT ANIMAL(ID,data_cheg,saude,nome_cien,nome_popu,alimentacao,clima_adap,habitat)
VALUES("QAY126C7D0", "2006-9-10", "SAUDÁVEL", "Hyaenidae", "Hiena", "carnívoro", "temperado", "IWQXWMKTBW");
INSERT ANIMAL(ID,data_cheg,saude,nome_cien,nome_popu,alimentacao,clima_adap,habitat)
VALUES("I5341S44X3", "2010-11-2", "SAUDÁVEL", "Phascolarctos cinereus", "Coala", "herbívoro", "quente", "NQPBFXEHGP");
INSERT ANIMAL(ID,data_cheg,saude,nome_cien,nome_popu,alimentacao,clima_adap,habitat)
VALUES("R14RQ8O886", "2000-7-4", "SAUDÁVEL", "Giraffa", "Girafa", "herbívoro", "quente", "BWHIALZRBB");
INSERT ANIMAL(ID,data_cheg,saude,nome_cien,nome_popu,alimentacao,clima_adap,habitat)
VALUES("5265V4U534", "2003-12-25", "SAUDÁVEL", "Hydrochoerus hydrochaeris", "Capivara", "herbívoro", "aquático", "SXLXRAVMQE");
INSERT ANIMAL(ID,data_cheg,saude,nome_cien,nome_popu,alimentacao,clima_adap,habitat)
VALUES("S001410K26", "2015-11-16", "MORIBUNDO", "Sus scrofa", "Javali", "onívoro", "Temperado", "FLTJREKWRX");
INSERT ANIMAL(ID,data_cheg,saude,nome_cien,nome_popu,alimentacao,clima_adap,habitat)
VALUES("1VB654O1V4", "2012-12-14", "SAUDÁVEL", "Lynx", "Lince", "carnívoro", "temperado", "KBWQNIRNZZ");
INSERT ANIMAL(ID,data_cheg,saude,nome_cien,nome_popu,alimentacao,clima_adap,habitat)
VALUES("1K2327TM46", "2017-8-29", "SAUDÁVEL", "Equus zebra", "Zebra", "herbívoro", "temperado", "HHGLOZQUDW");
INSERT ANIMAL(ID,data_cheg,saude,nome_cien,nome_popu,alimentacao,clima_adap,habitat)
VALUES("I2256N2K52", "2014-4-4", "SAUDÁVEL", "Pelecanus", "Pelicano", "Carnívoro", "aquático", "THGMZTSIDB");
INSERT ANIMAL(ID,data_cheg,saude,nome_cien,nome_popu,alimentacao,clima_adap,habitat)
VALUES("45803578T7", "2004-12-12", "SAUDÁVEL", "Bubalus", "Búfalo", "herbívoro", "quente", "BVEVLDUUGA");
INSERT ANIMAL(ID,data_cheg,saude,nome_cien,nome_popu,alimentacao,clima_adap,habitat)
VALUES("15FX04E60F", "2008-1-25", "MORIBUNDO", "Chrysocyon brachyurus", "Lobo guará", "carnívoro", "temperado", "DHLGWTQAWD");
INSERT ANIMAL(ID,data_cheg,saude,nome_cien,nome_popu,alimentacao,clima_adap,habitat)
VALUES("V41H5460L5", "2015-7-25", "SAUDÁVEL", "Manis pentadactyla", "Pangolim chinês", "onívoro", "temperado", "UGDFSKWZRQ");
INSERT ANIMAL(ID,data_cheg,saude,nome_cien,nome_popu,alimentacao,clima_adap,habitat)
VALUES("3U652C1772", "2015-2-7", "SAUDÁVEL", "Haliaetus leucocephalus", "Águia de cabeça branca", "carnívoro", "temperado", "AWGKBAJRFQ");
INSERT ANIMAL(ID,data_cheg,saude,nome_cien,nome_popu,alimentacao,clima_adap,habitat)
VALUES("8267Y03574", "2003-6-25", "SAUDÁVEL", "Coendou prehensilis", "Porco espinho", "frutífero", "temperado", "WWQQNSJWVQ");
INSERT ANIMAL(ID,data_cheg,saude,nome_cien,nome_popu,alimentacao,clima_adap,habitat)
VALUES("6S32130145", "2008-7-2", "ENFERMO", "Bubalus", "Búfalo", "herbívoro", "quente", Null);
INSERT ANIMAL(ID,data_cheg,saude,nome_cien,nome_popu,alimentacao,clima_adap,habitat)
VALUES("KRQ63152U2", "2000-11-13", DEFAULT, "Myrmecophaga tridactyla", "Tamanduá bandeira", "insectívoro", "quente", "WSSCNMTLHC");
INSERT ANIMAL(ID,data_cheg,saude,nome_cien,nome_popu,alimentacao,clima_adap,habitat)
VALUES("A8516BU7M3", "2006-4-6", "SAUDÁVEL", "Equus zebra", "Zebra", "herbívoro", "temperado", "UZEAMZNXAN");
INSERT ANIMAL(ID,data_cheg,saude,nome_cien,nome_popu,alimentacao,clima_adap,habitat)
VALUES("7HX2UR5611", "2001-5-22", DEFAULT, "Macropus rufus", "Canguru vermelho", "herbívoro", "quente", "AAOILQDASH");
INSERT ANIMAL(ID,data_cheg,saude,nome_cien,nome_popu,alimentacao,clima_adap,habitat)
VALUES("N452322623", "2005-5-20", "MORIBUNDO", "Pelecanus", "Pelicano", "Carnívoro", "aquático", "OFORHMUICA");
INSERT ANIMAL(ID,data_cheg,saude,nome_cien,nome_popu,alimentacao,clima_adap,habitat)
VALUES("2E5Y77S550", "2020-11-20", "ENFERMO", "Ursus maritimus", "Urso polar", "onívoro", "frio", Null);
INSERT ANIMAL(ID,data_cheg,saude,nome_cien,nome_popu,alimentacao,clima_adap,habitat)
VALUES("K48682837S", "2021-5-3", "SAUDÁVEL", "Phascolarctos cinereus", "Coala", "herbívoro", "quente", "APLEOUASAG");
INSERT ANIMAL(ID,data_cheg,saude,nome_cien,nome_popu,alimentacao,clima_adap,habitat)
VALUES("06LV43MR04", "2022-6-4", "SAUDÁVEL", "Tapirus terrestris", "Anta", "herbívoro", "temperado", "FDJUYIMSUY");
INSERT ANIMAL(ID,data_cheg,saude,nome_cien,nome_popu,alimentacao,clima_adap,habitat)
VALUES("074152F8SJ", "2008-7-21", "SAUDÁVEL", "Pteronura brasiliensis", "Ariranha", "onívoro", "aquático", "QFLPIHDGNC");
INSERT ANIMAL(ID,data_cheg,saude,nome_cien,nome_popu,alimentacao,clima_adap,habitat)
VALUES("34B08S2548", "2014-3-16", "SAUDÁVEL", "Ursus maritimus", "Urso polar", "onívoro", "frio", "PKKPZHRYSC");
INSERT ANIMAL(ID,data_cheg,saude,nome_cien,nome_popu,alimentacao,clima_adap,habitat)
VALUES("0N20382588", "2010-1-11", "SAUDÁVEL", "Ursus maritimus", "Urso polar", "onívoro", "frio", "DCAZGJVPMJ");
INSERT ANIMAL(ID,data_cheg,saude,nome_cien,nome_popu,alimentacao,clima_adap,habitat)
VALUES("735B65E54M", "2020-3-28", "SAUDÁVEL", "Manis pentadactyla", "Pangolim chinês", "onívoro", "temperado", "UGDFSKWZRQ");
INSERT ANIMAL(ID,data_cheg,saude,nome_cien,nome_popu,alimentacao,clima_adap,habitat)
VALUES("0ND25G6YUL", "2006-10-1", "SAUDÁVEL", "Tapirus terrestris", "Anta", "herbívoro", "temperado", "BGURSDPASI");
INSERT ANIMAL(ID,data_cheg,saude,nome_cien,nome_popu,alimentacao,clima_adap,habitat)
VALUES("7K3177EJC2", "2016-1-10", "SAUDÁVEL", "Canis latrans", "Coiote", "carnívoro", "temperado", "WXRWRJQJRT");
INSERT ANIMAL(ID,data_cheg,saude,nome_cien,nome_popu,alimentacao,clima_adap,habitat)
VALUES("D8287H7704", "2013-3-19", "SAUDÁVEL", "Canis latrans", "Coiote", "carnívoro", "temperado", "CFVJBWQYJX");
INSERT ANIMAL(ID,data_cheg,saude,nome_cien,nome_popu,alimentacao,clima_adap,habitat)
VALUES("A5V5IVG0E0", "2012-11-10", "ENFERMO", "Canis latrans", "Coiote", "carnívoro", "temperado", Null);
INSERT ANIMAL(ID,data_cheg,saude,nome_cien,nome_popu,alimentacao,clima_adap,habitat)
VALUES("05W0NOY832", "2007-11-17", "ENFERMO", "Equus zebra", "Zebra", "herbívoro", "temperado", Null);
INSERT ANIMAL(ID,data_cheg,saude,nome_cien,nome_popu,alimentacao,clima_adap,habitat)
VALUES("UJ72152U1H", "2018-12-10", "ENFERMO", "Equus zebra", "Zebra", "herbívoro", "temperado", Null);
INSERT ANIMAL(ID,data_cheg,saude,nome_cien,nome_popu,alimentacao,clima_adap,habitat)
VALUES("3843A573T0", "1998-9-28", "SAUDÁVEL", "Ursus maritimus", "Urso polar", "onívoro", "frio", "VAWGOAEZIH");
INSERT ANIMAL(ID,data_cheg,saude,nome_cien,nome_popu,alimentacao,clima_adap,habitat)
VALUES("0614B54E51", "2008-6-10", "SAUDÁVEL", "Phascolarctos cinereus", "Coala", "herbívoro", "quente", "APLEOUASAG");
INSERT ANIMAL(ID,data_cheg,saude,nome_cien,nome_popu,alimentacao,clima_adap,habitat)
VALUES("08524L2187", "2005-6-5", "ENFERMO", "Leopardus pardalis", "Jaguatirica", "carnívoro", "quente", Null);
INSERT ANIMAL(ID,data_cheg,saude,nome_cien,nome_popu,alimentacao,clima_adap,habitat)
VALUES("2M175UV26S", "2014-10-24", "SAUDÁVEL", "Lynx", "Lince", "carnívoro", "temperado", "KBWQNIRNZZ");
INSERT ANIMAL(ID,data_cheg,saude,nome_cien,nome_popu,alimentacao,clima_adap,habitat)
VALUES("11J0X058LR", "2008-9-8", "ENFERMO", "Hydrochoerus hydrochaeris", "Capivara", "herbívoro", "aquático", Null);
INSERT ANIMAL(ID,data_cheg,saude,nome_cien,nome_popu,alimentacao,clima_adap,habitat)
VALUES("88X6612617", "2011-5-25", "SAUDÁVEL", "Panthera tigris", "Tigre", "carnívoro", "temperado", "RXHRFGDGLO");
INSERT ANIMAL(ID,data_cheg,saude,nome_cien,nome_popu,alimentacao,clima_adap,habitat)
VALUES("D46X4G3N57", "2013-5-5", DEFAULT, "Hydrochoerus hydrochaeris", "Capivara", "herbívoro", "aquático", "KOCIISRBFF");
INSERT ANIMAL(ID,data_cheg,saude,nome_cien,nome_popu,alimentacao,clima_adap,habitat)
VALUES("770005EWO3", "2002-10-16", "SAUDÁVEL", "Hydrochoerus hydrochaeris", "Capivara", "herbívoro", "aquático", "XLDBUKVVNM");
INSERT ANIMAL(ID,data_cheg,saude,nome_cien,nome_popu,alimentacao,clima_adap,habitat)
VALUES("2QLT05P1Q3", "2022-10-26", "SAUDÁVEL", "Carcharodon carcharias", "Tubarão branco", "carnívoro", "aquático", "BIGKQLNQSB");
INSERT ANIMAL(ID,data_cheg,saude,nome_cien,nome_popu,alimentacao,clima_adap,habitat)
VALUES("QQ6385544A", "2007-10-28", "SAUDÁVEL", "Hyaenidae", "Hiena", "carnívoro", "temperado", "IWQXWMKTBW");

/* ALAS CLÍNICAS */

INSERT ALA_CLINICA(setor_nume,alas_livre) VALUES(1101,20);
INSERT ALA_CLINICA(setor_nume,alas_livre) VALUES(1102,20);
INSERT ALA_CLINICA(setor_nume,alas_livre) VALUES(1103,20);
INSERT ALA_CLINICA(setor_nume,alas_livre) VALUES(1104,20);
INSERT ALA_CLINICA(setor_nume,alas_livre) VALUES(1105,20);
INSERT ALA_CLINICA(setor_nume,alas_livre) VALUES(1201,30);
INSERT ALA_CLINICA(setor_nume,alas_livre) VALUES(1202,12);

/* FUNCIONÁRIO */


INSERT FUNCIONARIO(matricula, CPF, nome, funcao, salario, CEP, rua, bairro, cidade, gerente, CNH) 
VALUES ("67678667647","58493437845","Melissa Suzano","Diretor Geral", 15740.00, "56912330", "Rua Vania Maria F. Silva", "Varzea", "Serra Talhada", NULL , NULL);

INSERT FUNCIONARIO(matricula, CPF, nome, funcao, salario, CEP, rua, bairro, cidade, gerente, CNH) 
VALUES ("67019835477","18047438342","Jose Sousa","gerente", 11840.00, "25680361", "Rua Presidente Kubitscheck", "Retiro", "Petrapolis", "67678667647" , NULL );

INSERT FUNCIONARIO(matricula, CPF, nome, funcao, salario, CEP, rua, bairro, cidade, gerente, CNH) 
VALUES ("58493437845","19036138342","Jose Silva","gerente", 11840.00, "56912330", "Rua Vania Maria F. Silva", "Varzea", "Serra Talhada", "67678667647" , NULL);

INSERT FUNCIONARIO(matricula, CPF, nome, funcao, salario, CEP, rua, bairro, cidade, gerente, CNH)
VALUES ("90807296975","13635678342","Maria nascimento","Motorista", 2826.00, "69098273", "Travessa Cristal", "Novo Aleixo","Manaus", "67019835477", "8526808480");

INSERT FUNCIONARIO(matricula, CPF, nome, funcao, salario, CEP, rua, bairro, cidade, gerente, CNH) 
VALUES ("75256732345","18845678342","Maria filha","Veterinário", 13750.00, "65045231", "Travessa da Companhia", "Anil", "Sao Luis", "67019835477", NULL );

INSERT FUNCIONARIO(matricula, CPF, nome, funcao, salario, CEP, rua, bairro, cidade, gerente, CNH) 
VALUES ("69535214606","19945678342","Maria nascimento","Veterinário", 13750.00, "34580390", "Rua Rio Branco", "Sao Jose", "Sabaru",  "67019835477", NULL );

INSERT FUNCIONARIO(matricula, CPF, nome, funcao, salario, CEP, rua, bairro, cidade, gerente, CNH) 
VALUES ("65129976022","13345678342","Maria nazare","Veterinário", 13750.00, "21832125", "Rua Sao Boroncio", "Senador Camara", "Rio de Janeiro",  "67019835477", NULL );

INSERT FUNCIONARIO(matricula, CPF, nome, funcao, salario, CEP, rua, bairro, cidade, gerente, CNH) 
VALUES ("83085118309","10045678342","Maria yaeger","Veterinário", 13750.00, "44055010", "Rua Anajas", "Parque Ipa", "Feira de Santana", "67019835477", NULL );

INSERT FUNCIONARIO(matricula, CPF, nome, funcao, salario, CEP, rua, bairro, cidade, gerente, CNH) 
VALUES ("74439631056","11145675342","Maria sousa","Veterinário", 13750.00, "96040140", "Rua Dirceu de avila Martins", "Fragata", "Pelotas",  "67019835477", NULL );

INSERT FUNCIONARIO(matricula, CPF, nome, funcao, salario, CEP, rua, bairro, cidade, gerente, CNH) 
VALUES ("58756599949","11434567342","Maria rosario","Veterinário", 13750.00, "58056694", " Rua Gecy Mercus Rodrigues", "Mangabeira", "Joao Pessoa", "67019835477", NULL );

INSERT FUNCIONARIO(matricula, CPF, nome, funcao, salario, CEP, rua, bairro, cidade, gerente, CNH) 
VALUES ("3123105684","15994567","Maria constatino342","Manutenção", 11840.00, "69915300", "Conjunto Universitario", "Distrito Industrial", "Rio Branco" , "67019835477", NULL );

INSERT FUNCIONARIO(matricula, CPF, nome, funcao, salario, CEP, rua, bairro, cidade, gerente, CNH) 
VALUES ("69251120876","15345678342","Maria pereira","Veterinário", 13750.00, "83602566", "Rua Joao Tigrinho de Freitas", "Moradias Bom Jesus", "Campo Largo" , "67019835477", NULL );

INSERT FUNCIONARIO(matricula, CPF, nome, funcao, salario, CEP, rua, bairro, cidade, gerente, CNH) 
VALUES ("67171010227","14992578342","Maria silveiro","Motorista", 2826.00, "69908300", "Rua Joao Onofre", "Bosque", "Rio Branco", "67019835477", "1352492750");

INSERT FUNCIONARIO(matricula, CPF, nome, funcao, salario, CEP, rua, bairro, cidade, gerente, CNH) 
VALUES ("31952488027","14885978342","Rosana walker","Manutenção", 11840.00, "69306400", "Rua Jaricuna", "Nossa Senhora Aparecida", "Boa Vista", "67019835477" , NULL );

INSERT FUNCIONARIO(matricula, CPF, nome, funcao, salario, CEP, rua, bairro, cidade, gerente, CNH) 
VALUES ("32733226752","19114578342","Rosana Jalim","Veterinário", 13750.00, "65068286", "Rua Sol Nascente", "Vila Alonso Costa" , "Sao Luas"  , "67019835477", NULL );

INSERT FUNCIONARIO(matricula, CPF, nome, funcao, salario, CEP, rua, bairro, cidade, gerente, CNH) 
VALUES ("21424074564","10445679342","Rosana trajano","Veterinário", 13750.00, "69311064", "Rua X", "Cauama", "Boa Vista", "67019835477", NULL );

INSERT FUNCIONARIO(matricula, CPF, nome, funcao, salario, CEP, rua, bairro, cidade, gerente, CNH) 
VALUES ("72427309663","14045675342","Rosana auricolia","Zelador", "184000","78058422", "Rua Cinquenta e Cinco", "CPA III", "Cuiaba" , "67019835477", NULL );

INSERT FUNCIONARIO(matricula, CPF, nome, funcao, salario, CEP, rua, bairro, cidade, gerente, CNH) 
VALUES ("60962609123","14645672342","Rosana azumabito","Veterinário", 13750.00, "11454450", "Rua Guaratinguete", "Vila aurea (Vicente de Carvalho)", "Guaruja", "67019835477", NULL );

INSERT FUNCIONARIO(matricula, CPF, nome, funcao, salario, CEP, rua, bairro, cidade, gerente, CNH) 
VALUES ("39933253849","14545671342","Ednaldo pereira","Veterinário", 13750.00, "69055737", "Condominio Parque dos Rios IV", "Parque 10 de Novembro", "Manaus", "67019835477", NULL );

INSERT FUNCIONARIO(matricula, CPF, nome, funcao, salario, CEP, rua, bairro, cidade, gerente, CNH) 
VALUES ("85996361750","14345672342","Antonia inicio","Motorista", 2826.00, "69022324", "Rua 32", "Taruma-Aau", "Manaus", "67019835477", "0851315153");

INSERT FUNCIONARIO(matricula, CPF, nome, funcao, salario, CEP, rua, bairro, cidade, gerente, CNH) 
VALUES ("77871602871","14399672342","Rosana mauer","Zelador", 1840.00, "69022324", " Rua Cachoeirinha", "Pedra Mole", "Teresina", "67019835477", NULL );

INSERT FUNCIONARIO(matricula, CPF, nome, funcao, salario, CEP, rua, bairro, cidade, gerente, CNH) 
VALUES ("51210234964","13345671342","Rosana rothschild","Veterinário", 13750.00, "69304455", "Rua do Canario", "Mecejana", "Boa Vista", "67019835477", NULL );

INSERT FUNCIONARIO(matricula, CPF, nome, funcao, salario, CEP, rua, bairro, cidade, gerente, CNH) 
VALUES ("20777706533","13345672342","Rosana alves","Zelador",  1840.00, "39406122", "Rua Cinco", "Colorado", "Montes Claros", "67019835477", NULL );

INSERT FUNCIONARIO(matricula, CPF, nome, funcao, salario, CEP, rua, bairro, cidade, gerente, CNH) 
VALUES ("61221444108","13345673342","Andre filho","Manutenção", 11840.00, "27280755", "Servidao Carangola", "Vila Brasilia", "Volta Redonda" , "67019835477", NULL );

INSERT FUNCIONARIO(matricula, CPF, nome, funcao, salario, CEP, rua, bairro, cidade, gerente, CNH) 
VALUES ("46894747871","13345674342","Andre grifth","Veterinário", 13750.00, "74943380", "Rua Larga", "Jardim Buriti Sereno", "Aparecida de Goiania", "67019835477", NULL );

INSERT FUNCIONARIO(matricula, CPF, nome, funcao, salario, CEP, rua, bairro, cidade, gerente, CNH) 
VALUES ("65068305179","13345675342","Andre lima","Veterinário", 13750.00, "69304467", "Rua Elias Pessoa", "Mecejana", "Boa Vista", "67019835477", NULL );

INSERT FUNCIONARIO(matricula, CPF, nome, funcao, salario, CEP, rua, bairro, cidade, gerente, CNH) 
VALUES ("44858232350","91545675342","Matheus yakuza","Manutenção", 11840.00, "69312369", "Rua Sao Camilo", "Cinturao Verde" , "Boa Vista", "67019835477", NULL );

INSERT FUNCIONARIO(matricula, CPF, nome, funcao, salario, CEP, rua, bairro, cidade, gerente, CNH) 
VALUES ("48268852374","13345676342","Manoel gomes","Veterinário", 13750.00, "57071208", "Rua Anadia", "Clima Bom", "Maceia", "58493437845", NULL );

INSERT FUNCIONARIO(matricula, CPF, nome, funcao, salario, CEP, rua, bairro, cidade, gerente, CNH) 
VALUES ("13522722755","13345677342","Andre rockfeller","Manutenção", 11840.00, "69022324", "Rua Engenheiro Carlos Alberto Bezerra", "Triangulo", "Juazeiro do Norte" , "58493437845", NULL );

INSERT FUNCIONARIO(matricula, CPF, nome, funcao, salario, CEP, rua, bairro, cidade, gerente, CNH) 
VALUES ("41410814732","43345678342","Andre musk","Motorista", 2826.00, "69317338", "Rua Luiz Reis Cristo", "Equatorial", "Boa Vista", "99009951", "5849343784");

INSERT FUNCIONARIO(matricula, CPF, nome, funcao, salario, CEP, rua, bairro, cidade, gerente, CNH) 
VALUES ("85846242728","41345648342","Andre nascimento","Veterinário", 13750.00, "76912886", "Rua Santa Clara", "Jorge Teixeira", "Ji-Parana", "58493437845", NULL );

INSERT FUNCIONARIO(matricula, CPF, nome, funcao, salario, CEP, rua, bairro, cidade, gerente, CNH) 
VALUES ("88484251424","11345679342","Ellon musk","Veterinário", 13750.00, "59069700", "Rua Camargo", "Pitimbu", "Natal" , "58493437845", NULL );

INSERT FUNCIONARIO(matricula, CPF, nome, funcao, salario, CEP, rua, bairro, cidade, gerente, CNH) 
VALUES ("82508474673","71345628342","Bolsonaro messias","Veterinário", 13750.00, "77016352", "Quadra 603 Sul Alameda 10", "Plano Diretor Sul", "Palmas",  "58493437845", NULL );

INSERT FUNCIONARIO(matricula, CPF, nome, funcao, salario, CEP, rua, bairro, cidade, gerente, CNH) 
VALUES ("63969744381","13456978342","Neymar junior","Motorista", 2826.00, "74461230", "Rua Maria Angalica Miguel", "Jardim Clarissa", "Goiania", "44674106", "5849343784");

INSERT FUNCIONARIO(matricula, CPF, nome, funcao, salario, CEP, rua, bairro, cidade, gerente, CNH) 
VALUES ("22292435668","91345658342","Daniel alves","Veterinário", 13750.00, "79839013", "Rua das Mangueiras", "Jardim Colibri", "Dourados", "58493437845", NULL );

INSERT FUNCIONARIO(matricula, CPF, nome, funcao, salario, CEP, rua, bairro, cidade, gerente, CNH) 
VALUES ("19313860678","81345638342","Fernando suarez","Veterinário", 13750.00, "05869223", "Rua Dois", "Jardim Sania Inga" , "Sao Paulo" , "58493437845", NULL );
INSERT FUNCIONARIO(matricula, CPF, nome, funcao, salario, CEP, rua, bairro, cidade, gerente, CNH) 
VALUES ("24766270906","13456948342","Fernando junior","Manutenção", 11840.00, "79106380", " Rua Gabriel Bertoni" , "Vila Popular", "Campo Grande", "58493437845", NULL );

INSERT FUNCIONARIO(matricula, CPF, nome, funcao, salario, CEP, rua, bairro, cidade, gerente, CNH) 
VALUES ("48988178049","19456938342","Fernando silva","Veterinário", 13750.00, "88355065", "Rua SZ - 015", "Steffen", "Brusque", "58493437845", NULL );

INSERT FUNCIONARIO(matricula, CPF, nome, funcao, salario, CEP, rua, bairro, cidade, gerente, CNH) 
VALUES ("51803701120","10456948342","Fernanda nascimento","Manutenção", 11840.00, "76813826", "Estrada dos Periquitos", "Ulysses Guimaraes", "Porto Velho" , "58493437845", NULL );

INSERT FUNCIONARIO(matricula, CPF, nome, funcao, salario, CEP, rua, bairro, cidade, gerente, CNH) 
VALUES ("73671696377","10362789342","Fernando matheus","Veterinário", 13750.00, "88075315" , "Vila Joao Vaz Sobrinho", "Balneario", "Florianapolis", "58493437845", NULL );

INSERT FUNCIONARIO(matricula, CPF, nome, funcao, salario, CEP, rua, bairro, cidade, gerente, CNH) 
VALUES ("58872151658","19396378342","Fernando cipriano","Veterinário", 13750.00, "31870700", "Rua Olavo Ferreira", "Ribeiro de Abreu", "Belo Horizonte", "58493437845", NULL );

INSERT FUNCIONARIO(matricula, CPF, nome, funcao, salario, CEP, rua, bairro, cidade, gerente, CNH) 
VALUES ("63718324745","10397578342","Fernando matheus","Veterinário", 13750.00, "89287303", "Rua Rodolfo Stoerberl" , "Rio Negro", " Sao Bento do Sul", "58493437845", NULL );

INSERT FUNCIONARIO(matricula, CPF, nome, funcao, salario, CEP, rua, bairro, cidade, gerente, CNH) 
VALUES ("20389313192","19547478342","Joana souza","Motorista", 2826.00, "69316550", "Rua Genasio Alcimiro Lopes", "Senador Halio Campos", "Boa Vista", "58493437845", "1008914981");

INSERT FUNCIONARIO(matricula, CPF, nome, funcao, salario, CEP, rua, bairro, cidade, gerente, CNH) 
VALUES ("16707201349","10479698342","Jose cerra","Veterinário", 13750.00, "82970300", "Rua Reverendo Mariano Rodrigues de Castro", "Cajuru", "Curitiba" , "58493437845", NULL );

INSERT FUNCIONARIO(matricula, CPF, nome, funcao, salario, CEP, rua, bairro, cidade, gerente, CNH) 
VALUES ("15377615636","18447738342","Valquria lima","Veterinário", 13750.00, "78128588", "Rua Ezequiel Atanasio", "Santa Maria I", "Varzea Grande" , "58493437845", NULL );

INSERT FUNCIONARIO(matricula, CPF, nome, funcao, salario, CEP, rua, bairro, cidade, gerente, CNH) 
VALUES ("65406506173","18947838342","Jose paulo","Veterinário", 13750.00, "59064340", "Rua Anabal Correia", "Candelaria", "Natal", "58493437845", NULL );

INSERT FUNCIONARIO(matricula, CPF, nome, funcao, salario, CEP, rua, bairro, cidade, gerente, CNH) 

VALUES ("40752683541","18547038342","Jose inacio","Manutenção", 11840.00, "49042590", " Rua Francisco Rollemberg Ramos", " Sao Conrado", "Aracaju", "58493437845", NULL );

INSERT FUNCIONARIO(matricula, CPF, nome, funcao, salario, CEP, rua, bairro, cidade, gerente, CNH) 
VALUES ("46118439458","14047138342","Jose pinto","Manutenção", 11840.00, "93544385", "Rua Joao Antanio Alves", "Canudos", " Novo Hamburgo", "58493437845", NULL );

INSERT FUNCIONARIO(matricula, CPF, nome, funcao, salario, CEP, rua, bairro, cidade, gerente, CNH) 
VALUES ("84657959574","15047338342","Jose ksovs","Manutenção", 11840.00, "79085033", "Rua Leancio de Souza Britto","Conjunto Aero Rancho", "Campo Grande", "58493437845", NULL );

INSERT FUNCIONARIO(matricula, CPF, nome, funcao, salario, CEP, rua, bairro, cidade, gerente, CNH) 
VALUES ("66529304676","16047138342","Jose Nascimento","Motorista", 2826.00, "21362150", " Rua Aparecida", "Madureira", "Rio de Janeiro", "41823009", "5849343784");

INSERT FUNCIONARIO(matricula, CPF, nome, funcao, salario, CEP, rua, bairro, cidade, gerente, CNH) 
VALUES ("58091379185","17047238342","Jose Pereira","Manutenção", 11840.00, "41260260", "Largo das Araras", "Canabrava", "Salvador", "58493437845", NULL );

INSERT FUNCIONARIO(matricula, CPF, nome, funcao, salario, CEP, rua, bairro, cidade, gerente, CNH) 
VALUES ("31231056284","65334577890","Lucas Emilio","Manutenção", 11840.00, "87978906", "Rua Gabriel Pontes", "João Pessoa", "Santa Rita", "58493437845", NULL );

/* VETERINÀRIOS */

INSERT VETERINARIO(matricula, CRMV, setor_resp) 

VALUES ("75256732345" ,"46754037", 1101);
INSERT VETERINARIO(matricula, CRMV, setor_resp) 

VALUES ("69535214606" ,"46752889", 1101);
INSERT VETERINARIO(matricula, CRMV, setor_resp) 

VALUES ("65129976022" ,"46751403", 1103);
INSERT VETERINARIO(matricula, CRMV, setor_resp) 

VALUES ("83085118309" ,"46753408", 1104);
INSERT VETERINARIO(matricula, CRMV, setor_resp) 

VALUES ("74439631056" ,"46751463", 1105);
INSERT VETERINARIO(matricula, CRMV, setor_resp) 

VALUES ("58756599949" ,"46755326", 1105);
INSERT VETERINARIO(matricula, CRMV, setor_resp) 

VALUES ("69251120876" ,"46755522", 1104);
INSERT VETERINARIO(matricula, CRMV, setor_resp) 

VALUES ("32733226752" ,"46756520", 1104);
INSERT VETERINARIO(matricula, CRMV, setor_resp) 

VALUES ("51210234964" ,"46752530", 1105);
INSERT VETERINARIO(matricula, CRMV, setor_resp) 

VALUES ("21424074564" ,"46755520", 1105);
INSERT VETERINARIO(matricula, CRMV, setor_resp) 

VALUES ("60962609123" ,"46753895", 1102);
INSERT VETERINARIO(matricula, CRMV, setor_resp) 

VALUES ("39933253849" ,"46752214", 1104);
INSERT VETERINARIO(matricula, CRMV, setor_resp) 

VALUES ("46894747871" ,"46751893", 1104);
INSERT VETERINARIO(matricula, CRMV, setor_resp) 

VALUES ("65068305179" ,"46757777", 1103);
INSERT VETERINARIO(matricula, CRMV, setor_resp) 

VALUES ("48268852374" ,"46758015", 1102);
INSERT VETERINARIO(matricula, CRMV, setor_resp) 

VALUES ("88484251424" ,"46759593", 1104);
INSERT VETERINARIO(matricula, CRMV, setor_resp) 

VALUES ("85846242728" ,"46758325", 1105);
INSERT VETERINARIO(matricula, CRMV, setor_resp) 

VALUES ("82508474673" ,"46759033", 1101);
INSERT VETERINARIO(matricula, CRMV, setor_resp) 

VALUES ("19313860678" ,"46758520", 1104);
INSERT VETERINARIO(matricula, CRMV, setor_resp) 

VALUES ("22292435668" ,"46756752", 1101);
INSERT VETERINARIO(matricula, CRMV, setor_resp) 

VALUES ("48988178049" ,"46756386", 1104);
INSERT VETERINARIO(matricula, CRMV, setor_resp) 

VALUES ("73671696377" ,"46759285", 1104);
INSERT VETERINARIO(matricula, CRMV, setor_resp) 

VALUES ("58872151658" ,"46759847", 1105);
INSERT VETERINARIO(matricula, CRMV, setor_resp) 

VALUES ("63718324745" ,"46753015", 1102);
INSERT VETERINARIO(matricula, CRMV, setor_resp) 
VALUES ("16707201349" ,"46751597", 1101);

INSERT VETERINARIO(matricula, CRMV, setor_resp) 
VALUES ("15377615636" ,"46751013", 1101);

INSERT VETERINARIO(matricula, CRMV, setor_resp) 
VALUES ("65406506173" ,"46757081", 1105);

INSERT TELEFONE_FUNC(funcionario, numero) VALUES("75256732345", "9500009560");
INSERT TELEFONE_FUNC(funcionario, numero) VALUES("69535214606", "7813811874");
INSERT TELEFONE_FUNC(funcionario, numero) VALUES("65129976022", "7907128425");
INSERT TELEFONE_FUNC(funcionario, numero) VALUES("83085118309", "6447429408");
INSERT TELEFONE_FUNC(funcionario, numero) VALUES("74439631056", "6917702932");
INSERT TELEFONE_FUNC(funcionario, numero) VALUES("58756599949", "6176890336");
INSERT TELEFONE_FUNC(funcionario, numero) VALUES("31231056284", "7979775079");
INSERT TELEFONE_FUNC(funcionario, numero) VALUES("69251120876", "9620780124");
INSERT TELEFONE_FUNC(funcionario, numero) VALUES("67171010227", "6555009804");
INSERT TELEFONE_FUNC(funcionario, numero) VALUES("31952488027", "6136410653");
INSERT TELEFONE_FUNC(funcionario, numero) VALUES("32733226752", "8228784837");
INSERT TELEFONE_FUNC(funcionario, numero) VALUES("21424074564", "8817762465");
INSERT TELEFONE_FUNC(funcionario, numero) VALUES("72427309663", "7299103975");
INSERT TELEFONE_FUNC(funcionario, numero) VALUES("60962609123", "7825605537");
INSERT TELEFONE_FUNC(funcionario, numero) VALUES("39933253849", "7640333869");
INSERT TELEFONE_FUNC(funcionario, numero) VALUES("85996361750", "7693532797");
INSERT TELEFONE_FUNC(funcionario, numero) VALUES("77871602871", "8264577288");
INSERT TELEFONE_FUNC(funcionario, numero) VALUES("51210234964", "6786787102");
INSERT TELEFONE_FUNC(funcionario, numero) VALUES("20777706533", "9079818317");
INSERT TELEFONE_FUNC(funcionario, numero) VALUES("61221444108", "9560467161");
INSERT TELEFONE_FUNC(funcionario, numero) VALUES("46894747871", "9878828546");
INSERT TELEFONE_FUNC(funcionario, numero) VALUES("65068305179", "7078176026");
INSERT TELEFONE_FUNC(funcionario, numero) VALUES("44858232350", "8173492853");
INSERT TELEFONE_FUNC(funcionario, numero) VALUES("48268852374", "8029741059");
INSERT TELEFONE_FUNC(funcionario, numero) VALUES("13522722755", "6355862512");
INSERT TELEFONE_FUNC(funcionario, numero) VALUES("41410814732", "7262143970");
INSERT TELEFONE_FUNC(funcionario, numero) VALUES("88484251424", "6183984183");
INSERT TELEFONE_FUNC(funcionario, numero) VALUES("85846242728", "7163996076");
INSERT TELEFONE_FUNC(funcionario, numero) VALUES("82508474673", "9776148210");
INSERT TELEFONE_FUNC(funcionario, numero) VALUES("19313860678", "7088559336");
INSERT TELEFONE_FUNC(funcionario, numero) VALUES("22292435668", "7823738026");
INSERT TELEFONE_FUNC(funcionario, numero) VALUES("63969744381", "9646995584");
INSERT TELEFONE_FUNC(funcionario, numero) VALUES("24766270906", "6868914516");
INSERT TELEFONE_FUNC(funcionario, numero) VALUES("48988178049", "7149603068");
INSERT TELEFONE_FUNC(funcionario, numero) VALUES("51803701120", "9090044273");
INSERT TELEFONE_FUNC(funcionario, numero) VALUES("73671696377", "6326589169");
INSERT TELEFONE_FUNC(funcionario, numero) VALUES("58872151658", "8845025017");
INSERT TELEFONE_FUNC(funcionario, numero) VALUES("20389313192", "7330711736");
INSERT TELEFONE_FUNC(funcionario, numero) VALUES("63718324745", "9682240348");
INSERT TELEFONE_FUNC(funcionario, numero) VALUES("16707201349", "7526928560");
INSERT TELEFONE_FUNC(funcionario, numero) VALUES("15377615636", "9098665283");
INSERT TELEFONE_FUNC(funcionario, numero) VALUES("65406506173", "6477117142");
INSERT TELEFONE_FUNC(funcionario, numero) VALUES("40752683541", "8643899493");
INSERT TELEFONE_FUNC(funcionario, numero) VALUES("46118439458", "9010765631");
INSERT TELEFONE_FUNC(funcionario, numero) VALUES("84657959574", "6954497893");
INSERT TELEFONE_FUNC(funcionario, numero) VALUES("66529304676", "6538994161");
INSERT TELEFONE_FUNC(funcionario, numero) VALUES("58091379185", "6067853727");
INSERT TELEFONE_FUNC(funcionario, numero) VALUES("67678667647", "9099733237");
INSERT TELEFONE_FUNC(funcionario, numero) VALUES("58493437845", "9699191716");
INSERT TELEFONE_FUNC(funcionario, numero) VALUES("90807296975", "6111153062");

/* MANUTENÇÃO HABITAT */

INSERT MANUNTECAO_HABITAT(habitat, funcionario, data_inicio, data_final, descricao) 

VALUES ("THDRHUABEV", "31231056284", "2022-05-20", NULL, "Reforma no habitat");
INSERT MANUNTECAO_HABITAT(habitat, funcionario, data_inicio, data_final, descricao) 

VALUES ("OZNYQASVOP", "31952488027", "2020-06-25", "2020-06-27", "Inovação para melhoramente do bem-estar animal");
INSERT MANUNTECAO_HABITAT(habitat, funcionario, data_inicio, data_final, descricao) 



VALUES ("WSSCNMTLHC", "24766270906", "2004-08-19", "2003-12-15", "Reforma no habitat");
INSERT MANUNTECAO_HABITAT(habitat, funcionario, data_inicio, data_final, descricao) 

VALUES ("XIRUZGRBAI", "51803701120", "2009-03-30", "2008-04-05", "Reforma no habitat");
INSERT MANUNTECAO_HABITAT(habitat, funcionario, data_inicio, data_final, descricao) 

VALUES ("TETZVZOOFR", "13522722755", "2021-07-26", "2021-07-26", "Inovação para melhoramente do bem-estar animal");
INSERT MANUNTECAO_HABITAT(habitat, funcionario, data_inicio, data_final, descricao) 

VALUES ("KOCIISRBFF", "44858232350", "2014-07-27", "2014-07-27", "Manutenção emergencial");
INSERT MANUNTECAO_HABITAT(habitat, funcionario, data_inicio, data_final, descricao) 


VALUES ("AWGKBAJRFQ", "72427309663", "2022-02-17", "2022-02-18", "Manutenção emergencial");
INSERT MANUNTECAO_HABITAT(habitat, funcionario, data_inicio, data_final, descricao) 

VALUES ("EZUMVXICDS", "31952488027", "2021-07-15", "2021-07-24", "Inovação para melhoramente do bem-estar animal");


INSERT MANUNTECAO_HABITAT(habitat, funcionario, data_inicio, data_final, descricao) 
VALUES ("TEJAGKPHLM", "77871602871", "2022-06-16", "2021-02-04", "Inovação para melhoramente do bem-estar animal");

INSERT MANUNTECAO_HABITAT(habitat, funcionario, data_inicio, data_final, descricao) 
VALUES ("TEJAGKPHLM", "61221444108", "2022-07-06", NULL, "Manutenção emergencial");


INSERT MANUNTECAO_HABITAT(habitat, funcionario, data_inicio, data_final, descricao) 

VALUES ("MJGPNUSNNH", "20777706533", "2022-09-24", NULL, "Manutenção emergencial");

INSERT MANUNTECAO_HABITAT(habitat, funcionario, data_inicio, data_final, descricao) 
VALUES ("VAWGOAEZIH", "72427309663", "2022-03-31", NULL, "Manutenção emergencial");

/* EXAME_ANIMAL */

INSERT EXAME_ANIMAL(data_exam, veterinario, animal) VALUES("2010-07-12", "75256732345", "F8420I25K8");
INSERT EXAME_ANIMAL(data_exam, veterinario, animal) VALUES("2021-01-28", "69535214606", "68306448J5");
INSERT EXAME_ANIMAL(data_exam, veterinario, animal) VALUES("2022-07-02", "65129976022", "S8X5LA03CR");
INSERT EXAME_ANIMAL(data_exam, veterinario, animal) VALUES("2022-05-12", "58756599949", "3461J17382");
INSERT EXAME_ANIMAL(data_exam, veterinario, animal) VALUES("2004-12-24", "21424074564", "32QGTNHP80");
INSERT EXAME_ANIMAL(data_exam, veterinario, animal) VALUES("2020-11-05", "65068305179", "14W4G81L60");
INSERT EXAME_ANIMAL(data_exam, veterinario, animal) VALUES("2018-02-17", "60962609123", "3U8X2YL04O");
INSERT EXAME_ANIMAL(data_exam, veterinario, animal) VALUES("2018-02-17", "46894747871", "3I61750241");

/* ANIMAL_INTERNACAO */
INSERT ANIMAL_INTERNACAO(setor_nume,animal,data_entr,data_saida)
VALUES(1201, "F8420I25K8", "2021-7-01", NULL);

INSERT ANIMAL_INTERNACAO(setor_nume,animal,data_entr,data_saida)
VALUES(1101, "68306448J5", "2010-12-07", NULL);

INSERT ANIMAL_INTERNACAO(setor_nume,animal,data_entr,data_saida)
VALUES(1103, "S8X5LA03CR", "2022-02-07", NULL);

INSERT ANIMAL_INTERNACAO(setor_nume,animal,data_entr,data_saida)
VALUES(1105, "3461J17382", "2022-12-05", NULL);

INSERT ANIMAL_INTERNACAO(setor_nume,animal,data_entr,data_saida)
VALUES(1101, "32QGTNHP80", "2004-24-12", NULL);

INSERT ANIMAL_INTERNACAO(setor_nume,animal,data_entr,data_saida)
VALUES(1105, "14W4G81L60", "2020-05-11", NULL);

INSERT ANIMAL_INTERNACAO(setor_nume,animal,data_entr,data_saida)
VALUES(1105, "3U8X2YL04O", "2018-17-02", NULL);

INSERT ANIMAL_INTERNACAO(setor_nume,animal,data_entr,data_saida)
VALUES(1101, "3I61750241", "2008-12-04", NULL);

INSERT ANIMAL_INTERNACAO(setor_nume,animal,data_entr,data_saida)
VALUES(1101, "6S32130145", "2020-7-01", NULL);

INSERT ANIMAL_INTERNACAO(setor_nume,animal,data_entr,data_saida)
VALUES(1103, "2E5Y77S550", "2022-24-05", NULL);

INSERT ANIMAL_INTERNACAO(setor_nume,animal,data_entr,data_saida)
VALUES(1202, "A5V5IVG0E0", "2011-06-04", NULL);

INSERT ANIMAL_INTERNACAO(setor_nume,animal,data_entr,data_saida)
VALUES(1202, "74CH07608D", "2022-12-04", NULL);

INSERT ANIMAL_INTERNACAO(setor_nume,animal,data_entr,data_saida)
VALUES(1202, "M261603122", "2011-15-03", NULL);

INSERT ANIMAL_INTERNACAO(setor_nume,animal,data_entr,data_saida)
VALUES(1102, "05W0NOY832", "2020-05-01", NULL);

INSERT ANIMAL_INTERNACAO(setor_nume,animal,data_entr,data_saida)
VALUES(1105, "UJ72152U1H", "2022-15-07", NULL);

INSERT ANIMAL_INTERNACAO(setor_nume,animal,data_entr,data_saida)
VALUES(1102, "08524L2187", "2012-17-05", NULL);

INSERT ANIMAL_INTERNACAO(setor_nume,animal,data_entr,data_saida)
VALUES(1201, "11J0X058LR", "2000-12-03", NULL);

INSERT ANIMAL_INTERNACAO(setor_nume,animal,data_entr,data_saida)
VALUES(1202, "S001410K26", "2022-15-08", NULL);

INSERT ANIMAL_INTERNACAO(setor_nume,animal,data_entr,data_saida)
VALUES(1202, "15FX04E60F", "2021-19-01", NULL);

INSERT ANIMAL_INTERNACAO(setor_nume,animal,data_entr,data_saida)
VALUES(1202, "N452322623", "2022-26-07", NULL);

INSERT ANIMAL_INTERNACAO(setor_nume,animal,data_entr,data_saida)
VALUES(1102, "P70554I0AM", "2021-01-03", "2021-02-02");

INSERT ANIMAL_INTERNACAO(setor_nume,animal,data_entr,data_saida)
VALUES(1105, "M35027O253", "2010-7-08", "2010-12-10");

INSERT ANIMAL_INTERNACAO(setor_nume,animal,data_entr,data_saida)
VALUES(1102, "I7L7837T5U", "2022-09-08", "2022-02-09");

INSERT ANIMAL_INTERNACAO(setor_nume,animal,data_entr,data_saida)
VALUES(1105, "3461J17382", "2022-24-04", "2022-17-05");

INSERT ANIMAL_INTERNACAO(setor_nume,animal,data_entr,data_saida)
VALUES(1201, "R14RQ8O886", "2005-7-12", "2005-5-12");

INSERT ANIMAL_INTERNACAO(setor_nume,animal,data_entr,data_saida)
VALUES(1201, "I2256N2K52", "2022-10-11", "2022-16-11");

INSERT ANIMAL_INTERNACAO(setor_nume,animal,data_entr,data_saida)
VALUES(1201, "M261603122", "2018-12-06", "2018-01-07");

INSERT ANIMAL_INTERNACAO(setor_nume,animal,data_entr,data_saida)
VALUES(1102, "NTP764E45E", "2009-09-09", "2009-12-09");

INSERT ANIMAL_INTERNACAO(setor_nume,animal,data_entr,data_saida)
VALUES(1102, "05W0NOY832", "2020-10-12", "2020-12-12");

INSERT ANIMAL_INTERNACAO(setor_nume,animal,data_entr,data_saida)
VALUES(1201, "06LV43MR04", "2022-2-01", "2022-17-05");

INSERT ANIMAL_INTERNACAO(setor_nume,animal,data_entr,data_saida)
VALUES(1201, "8267Y03574", "2012-10-02", "2012-16-02");

INSERT ANIMAL_INTERNACAO(setor_nume,animal,data_entr,data_saida)
VALUES(1102, "45803578T7", "2011-2-08", "2011-2-08");

INSERT ANIMAL_INTERNACAO(setor_nume,animal,data_entr,data_saida)
VALUES(1201, "05W0NOY832", "2022-2-01", "2022-15-02");

/* PRESCRIÇÃO_EXAME */

INSERT PRESCRICAO_EXAME(data_exam, veterinario, animal, remedio) 

VALUES ("2010-07-12", "75256732345", "F8420I25K8", "FAMNANAC");
INSERT PRESCRICAO_EXAME(data_exam, veterinario, animal, remedio) 

VALUES ("2021-01-28", "69535214606", "68306448J5", "FAMCOWOW");
INSERT PRESCRICAO_EXAME(data_exam, veterinario, animal, remedio) 

VALUES ("2022-07-02", "65129976022", "S8X5LA03CR", "FARIWWWX");
INSERT PRESCRICAO_EXAME(data_exam, veterinario, animal, remedio) 

VALUES ("2018-02-17", "46894747871", "3I61750241", "FARIWWWX");
INSERT PRESCRICAO_EXAME(data_exam, veterinario, animal, remedio) 

VALUES ("2022-05-12", "58756599949", "3461J17382", "FAMNANAC");
INSERT PRESCRICAO_EXAME(data_exam, veterinario, animal, remedio) 

VALUES ("2004-12-24", "21424074564", "32QGTNHP80", "FAMNANAC");

INSERT PRESCRICAO_EXAME(data_exam, veterinario, animal, remedio) 
VALUES ("2020-11-05", "65068305179", "14W4G81L60", "FARWENIU");

INSERT PRESCRICAO_EXAME(data_exam, veterinario, animal, remedio) 
VALUES ("2018-02-17", "60962609123", "3U8X2YL04O", "FAMNANAC");